Workbook

Sheet 甘特圖
A1: 廖千儀 ♥ 陳郁諠 結婚籌備甘特圖
A2: 婚禮日期 → | C2: 46494 | D2: ← 修改 C2 日期，甘特圖列與 Checklist 到期日自動連動 | G2: =TODAY() -> 46168
A3: 圖例： | E3: 男方(廖千儀) | G3: 女方(陳郁諠) | I3: 雙方共同 | K3: 已完成 | M3: 今日欄 | O3: 婚禮月
A4: 類別 | B4: 項目 | C4: 負責 | D4: 2026 五月 | E4: 2026 六月 | F4: 2026 七月 | G4: 2026 八月 | H4: 2026 九月 | I4: 2026 十月 | J4: 2026 十一月 | K4: 2026 十二月 | L4: 2027 一月 | M4: 2027 二月 | N4: 2027 三月 | O4: 2027 四月 | P4: 2027 五月 | Q4: 2027 六月
A5: 確認規劃 | B5: 求婚完成 (04/17 已完成) | C5: 雙 | D5: =IF(AND(R5<=DATE(2026,5,1),S5>=DATE(2026,5,1)),IF(AND(MONTH(R5)=5,YEAR(R5)=2026),IF(AND(MONTH(S5)=5,YEAR(S5)=2026),"●","▶"),IF(AND(MONTH(S5)=5,YEAR(S5)=2026),"◀","─")),"") -> ● | E5: =IF(AND(R5<=DATE(2026,6,1),S5>=DATE(2026,6,1)),IF(AND(MONTH(R5)=6,YEAR(R5)=2026),IF(AND(MONTH(S5)=6,YEAR(S5)=2026),"●","▶"),IF(AND(MONTH(S5)=6,YEAR(S5)=2026),"◀","─")),"") | F5: =IF(AND(R5<=DATE(2026,7,1),S5>=DATE(2026,7,1)),IF(AND(MONTH(R5)=7,YEAR(R5)=2026),IF(AND(MONTH(S5)=7,YEAR(S5)=2026),"●","▶"),IF(AND(MONTH(S5)=7,YEAR(S5)=2026),"◀","─")),"") | G5: =IF(AND(R5<=DATE(2026,8,1),S5>=DATE(2026,8,1)),IF(AND(MONTH(R5)=8,YEAR(R5)=2026),IF(AND(MONTH(S5)=8,YEAR(S5)=2026),"●","▶"),IF(AND(MONTH(S5)=8,YEAR(S5)=2026),"◀","─")),"") | H5: =IF(AND(R5<=DATE(2026,9,1),S5>=DATE(2026,9,1)),IF(AND(MONTH(R5)=9,YEAR(R5)=2026),IF(AND(MONTH(S5)=9,YEAR(S5)=2026),"●","▶"),IF(AND(MONTH(S5)=9,YEAR(S5)=2026),"◀","─")),"") | I5: =IF(AND(R5<=DATE(2026,10,1),S5>=DATE(2026,10,1)),IF(AND(MONTH(R5)=10,YEAR(R5)=2026),IF(AND(MONTH(S5)=10,YEAR(S5)=2026),"●","▶"),IF(AND(MONTH(S5)=10,YEAR(S5)=2026),"◀","─")),"") | J5: =IF(AND(R5<=DATE(2026,11,1),S5>=DATE(2026,11,1)),IF(AND(MONTH(R5)=11,YEAR(R5)=2026),IF(AND(MONTH(S5)=11,YEAR(S5)=2026),"●","▶"),IF(AND(MONTH(S5)=11,YEAR(S5)=2026),"◀","─")),"") | K5: =IF(AND(R5<=DATE(2026,12,1),S5>=DATE(2026,12,1)),IF(AND(MONTH(R5)=12,YEAR(R5)=2026),IF(AND(MONTH(S5)=12,YEAR(S5)=2026),"●","▶"),IF(AND(MONTH(S5)=12,YEAR(S5)=2026),"◀","─")),"") | L5: =IF(AND(R5<=DATE(2027,1,1),S5>=DATE(2027,1,1)),IF(AND(MONTH(R5)=1,YEAR(R5)=2027),IF(AND(MONTH(S5)=1,YEAR(S5)=2027),"●","▶"),IF(AND(MONTH(S5)=1,YEAR(S5)=2027),"◀","─")),"") | M5: =IF(AND(R5<=DATE(2027,2,1),S5>=DATE(2027,2,1)),IF(AND(MONTH(R5)=2,YEAR(R5)=2027),IF(AND(MONTH(S5)=2,YEAR(S5)=2027),"●","▶"),IF(AND(MONTH(S5)=2,YEAR(S5)=2027),"◀","─")),"") | N5: =IF(AND(R5<=DATE(2027,3,1),S5>=DATE(2027,3,1)),IF(AND(MONTH(R5)=3,YEAR(R5)=2027),IF(AND(MONTH(S5)=3,YEAR(S5)=2027),"●","▶"),IF(AND(MONTH(S5)=3,YEAR(S5)=2027),"◀","─")),"") | O5: =IF(AND(R5<=DATE(2027,4,1),S5>=DATE(2027,4,1)),IF(AND(MONTH(R5)=4,YEAR(R5)=2027),IF(AND(MONTH(S5)=4,YEAR(S5)=2027),"●","▶"),IF(AND(MONTH(S5)=4,YEAR(S5)=2027),"◀","─")),"") | P5: =IF(AND(R5<=DATE(2027,5,1),S5>=DATE(2027,5,1)),IF(AND(MONTH(R5)=5,YEAR(R5)=2027),IF(AND(MONTH(S5)=5,YEAR(S5)=2027),"●","▶"),IF(AND(MONTH(S5)=5,YEAR(S5)=2027),"◀","─")),"") | Q5: =IF(AND(R5<=DATE(2027,6,1),S5>=DATE(2027,6,1)),IF(AND(MONTH(R5)=6,YEAR(R5)=2027),IF(AND(MONTH(S5)=6,YEAR(S5)=2027),"●","▶"),IF(AND(MONTH(S5)=6,YEAR(S5)=2027),"◀","─")),"") | R5: 46143 | S5: 46143 | T5: 4
B6: 家長面談 (05/30 已排定) | C6: 雙 | D6: =IF(AND(R6<=DATE(2026,5,1),S6>=DATE(2026,5,1)),IF(AND(MONTH(R6)=5,YEAR(R6)=2026),IF(AND(MONTH(S6)=5,YEAR(S6)=2026),"●","▶"),IF(AND(MONTH(S6)=5,YEAR(S6)=2026),"◀","─")),"") -> ● | E6: =IF(AND(R6<=DATE(2026,6,1),S6>=DATE(2026,6,1)),IF(AND(MONTH(R6)=6,YEAR(R6)=2026),IF(AND(MONTH(S6)=6,YEAR(S6)=2026),"●","▶"),IF(AND(MONTH(S6)=6,YEAR(S6)=2026),"◀","─")),"") | F6: =IF(AND(R6<=DATE(2026,7,1),S6>=DATE(2026,7,1)),IF(AND(MONTH(R6)=7,YEAR(R6)=2026),IF(AND(MONTH(S6)=7,YEAR(S6)=2026),"●","▶"),IF(AND(MONTH(S6)=7,YEAR(S6)=2026),"◀","─")),"") | G6: =IF(AND(R6<=DATE(2026,8,1),S6>=DATE(2026,8,1)),IF(AND(MONTH(R6)=8,YEAR(R6)=2026),IF(AND(MONTH(S6)=8,YEAR(S6)=2026),"●","▶"),IF(AND(MONTH(S6)=8,YEAR(S6)=2026),"◀","─")),"") | H6: =IF(AND(R6<=DATE(2026,9,1),S6>=DATE(2026,9,1)),IF(AND(MONTH(R6)=9,YEAR(R6)=2026),IF(AND(MONTH(S6)=9,YEAR(S6)=2026),"●","▶"),IF(AND(MONTH(S6)=9,YEAR(S6)=2026),"◀","─")),"") | I6: =IF(AND(R6<=DATE(2026,10,1),S6>=DATE(2026,10,1)),IF(AND(MONTH(R6)=10,YEAR(R6)=2026),IF(AND(MONTH(S6)=10,YEAR(S6)=2026),"●","▶"),IF(AND(MONTH(S6)=10,YEAR(S6)=2026),"◀","─")),"") | J6: =IF(AND(R6<=DATE(2026,11,1),S6>=DATE(2026,11,1)),IF(AND(MONTH(R6)=11,YEAR(R6)=2026),IF(AND(MONTH(S6)=11,YEAR(S6)=2026),"●","▶"),IF(AND(MONTH(S6)=11,YEAR(S6)=2026),"◀","─")),"") | K6: =IF(AND(R6<=DATE(2026,12,1),S6>=DATE(2026,12,1)),IF(AND(MONTH(R6)=12,YEAR(R6)=2026),IF(AND(MONTH(S6)=12,YEAR(S6)=2026),"●","▶"),IF(AND(MONTH(S6)=12,YEAR(S6)=2026),"◀","─")),"") | L6: =IF(AND(R6<=DATE(2027,1,1),S6>=DATE(2027,1,1)),IF(AND(MONTH(R6)=1,YEAR(R6)=2027),IF(AND(MONTH(S6)=1,YEAR(S6)=2027),"●","▶"),IF(AND(MONTH(S6)=1,YEAR(S6)=2027),"◀","─")),"") | M6: =IF(AND(R6<=DATE(2027,2,1),S6>=DATE(2027,2,1)),IF(AND(MONTH(R6)=2,YEAR(R6)=2027),IF(AND(MONTH(S6)=2,YEAR(S6)=2027),"●","▶"),IF(AND(MONTH(S6)=2,YEAR(S6)=2027),"◀","─")),"") | N6: =IF(AND(R6<=DATE(2027,3,1),S6>=DATE(2027,3,1)),IF(AND(MONTH(R6)=3,YEAR(R6)=2027),IF(AND(MONTH(S6)=3,YEAR(S6)=2027),"●","▶"),IF(AND(MONTH(S6)=3,YEAR(S6)=2027),"◀","─")),"") | O6: =IF(AND(R6<=DATE(2027,4,1),S6>=DATE(2027,4,1)),IF(AND(MONTH(R6)=4,YEAR(R6)=2027),IF(AND(MONTH(S6)=4,YEAR(S6)=2027),"●","▶"),IF(AND(MONTH(S6)=4,YEAR(S6)=2027),"◀","─")),"") | P6: =IF(AND(R6<=DATE(2027,5,1),S6>=DATE(2027,5,1)),IF(AND(MONTH(R6)=5,YEAR(R6)=2027),IF(AND(MONTH(S6)=5,YEAR(S6)=2027),"●","▶"),IF(AND(MONTH(S6)=5,YEAR(S6)=2027),"◀","─")),"") | Q6: =IF(AND(R6<=DATE(2027,6,1),S6>=DATE(2027,6,1)),IF(AND(MONTH(R6)=6,YEAR(R6)=2027),IF(AND(MONTH(S6)=6,YEAR(S6)=2027),"●","▶"),IF(AND(MONTH(S6)=6,YEAR(S6)=2027),"◀","─")),"") | R6: 46143 | S6: 46143 | T6: 4
B7: 確定婚禮日期（查農民曆） | C7: 雙 | D7: =IF(AND(R7<=DATE(2026,5,1),S7>=DATE(2026,5,1)),IF(AND(MONTH(R7)=5,YEAR(R7)=2026),IF(AND(MONTH(S7)=5,YEAR(S7)=2026),"●","▶"),IF(AND(MONTH(S7)=5,YEAR(S7)=2026),"◀","─")),"") | E7: =IF(AND(R7<=DATE(2026,6,1),S7>=DATE(2026,6,1)),IF(AND(MONTH(R7)=6,YEAR(R7)=2026),IF(AND(MONTH(S7)=6,YEAR(S7)=2026),"●","▶"),IF(AND(MONTH(S7)=6,YEAR(S7)=2026),"◀","─")),"") | F7: =IF(AND(R7<=DATE(2026,7,1),S7>=DATE(2026,7,1)),IF(AND(MONTH(R7)=7,YEAR(R7)=2026),IF(AND(MONTH(S7)=7,YEAR(S7)=2026),"●","▶"),IF(AND(MONTH(S7)=7,YEAR(S7)=2026),"◀","─")),"") | G7: =IF(AND(R7<=DATE(2026,8,1),S7>=DATE(2026,8,1)),IF(AND(MONTH(R7)=8,YEAR(R7)=2026),IF(AND(MONTH(S7)=8,YEAR(S7)=2026),"●","▶"),IF(AND(MONTH(S7)=8,YEAR(S7)=2026),"◀","─")),"") | H7: =IF(AND(R7<=DATE(2026,9,1),S7>=DATE(2026,9,1)),IF(AND(MONTH(R7)=9,YEAR(R7)=2026),IF(AND(MONTH(S7)=9,YEAR(S7)=2026),"●","▶"),IF(AND(MONTH(S7)=9,YEAR(S7)=2026),"◀","─")),"") | I7: =IF(AND(R7<=DATE(2026,10,1),S7>=DATE(2026,10,1)),IF(AND(MONTH(R7)=10,YEAR(R7)=2026),IF(AND(MONTH(S7)=10,YEAR(S7)=2026),"●","▶"),IF(AND(MONTH(S7)=10,YEAR(S7)=2026),"◀","─")),"") -> ◀ | J7: =IF(AND(R7<=DATE(2026,11,1),S7>=DATE(2026,11,1)),IF(AND(MONTH(R7)=11,YEAR(R7)=2026),IF(AND(MONTH(S7)=11,YEAR(S7)=2026),"●","▶"),IF(AND(MONTH(S7)=11,YEAR(S7)=2026),"◀","─")),"") | K7: =IF(AND(R7<=DATE(2026,12,1),S7>=DATE(2026,12,1)),IF(AND(MONTH(R7)=12,YEAR(R7)=2026),IF(AND(MONTH(S7)=12,YEAR(S7)=2026),"●","▶"),IF(AND(MONTH(S7)=12,YEAR(S7)=2026),"◀","─")),"") | L7: =IF(AND(R7<=DATE(2027,1,1),S7>=DATE(2027,1,1)),IF(AND(MONTH(R7)=1,YEAR(R7)=2027),IF(AND(MONTH(S7)=1,YEAR(S7)=2027),"●","▶"),IF(AND(MONTH(S7)=1,YEAR(S7)=2027),"◀","─")),"") | M7: =IF(AND(R7<=DATE(2027,2,1),S7>=DATE(2027,2,1)),IF(AND(MONTH(R7)=2,YEAR(R7)=2027),IF(AND(MONTH(S7)=2,YEAR(S7)=2027),"●","▶"),IF(AND(MONTH(S7)=2,YEAR(S7)=2027),"◀","─")),"") | N7: =IF(AND(R7<=DATE(2027,3,1),S7>=DATE(2027,3,1)),IF(AND(MONTH(R7)=3,YEAR(R7)=2027),IF(AND(MONTH(S7)=3,YEAR(S7)=2027),"●","▶"),IF(AND(MONTH(S7)=3,YEAR(S7)=2027),"◀","─")),"") | O7: =IF(AND(R7<=DATE(2027,4,1),S7>=DATE(2027,4,1)),IF(AND(MONTH(R7)=4,YEAR(R7)=2027),IF(AND(MONTH(S7)=4,YEAR(S7)=2027),"●","▶"),IF(AND(MONTH(S7)=4,YEAR(S7)=2027),"◀","─")),"") | P7: =IF(AND(R7<=DATE(2027,5,1),S7>=DATE(2027,5,1)),IF(AND(MONTH(R7)=5,YEAR(R7)=2027),IF(AND(MONTH(S7)=5,YEAR(S7)=2027),"●","▶"),IF(AND(MONTH(S7)=5,YEAR(S7)=2027),"◀","─")),"") | Q7: =IF(AND(R7<=DATE(2027,6,1),S7>=DATE(2027,6,1)),IF(AND(MONTH(R7)=6,YEAR(R7)=2027),IF(AND(MONTH(S7)=6,YEAR(S7)=2027),"●","▶"),IF(AND(MONTH(S7)=6,YEAR(S7)=2027),"◀","─")),"") | R7: =EDATE($C$2,-7) -> 46282 | S7: =EDATE($C$2,-6) -> 46312 | T7: 3
B8: 確認婚禮總預算 | C8: 雙 | D8: =IF(AND(R8<=DATE(2026,5,1),S8>=DATE(2026,5,1)),IF(AND(MONTH(R8)=5,YEAR(R8)=2026),IF(AND(MONTH(S8)=5,YEAR(S8)=2026),"●","▶"),IF(AND(MONTH(S8)=5,YEAR(S8)=2026),"◀","─")),"") | E8: =IF(AND(R8<=DATE(2026,6,1),S8>=DATE(2026,6,1)),IF(AND(MONTH(R8)=6,YEAR(R8)=2026),IF(AND(MONTH(S8)=6,YEAR(S8)=2026),"●","▶"),IF(AND(MONTH(S8)=6,YEAR(S8)=2026),"◀","─")),"") | F8: =IF(AND(R8<=DATE(2026,7,1),S8>=DATE(2026,7,1)),IF(AND(MONTH(R8)=7,YEAR(R8)=2026),IF(AND(MONTH(S8)=7,YEAR(S8)=2026),"●","▶"),IF(AND(MONTH(S8)=7,YEAR(S8)=2026),"◀","─")),"") | G8: =IF(AND(R8<=DATE(2026,8,1),S8>=DATE(2026,8,1)),IF(AND(MONTH(R8)=8,YEAR(R8)=2026),IF(AND(MONTH(S8)=8,YEAR(S8)=2026),"●","▶"),IF(AND(MONTH(S8)=8,YEAR(S8)=2026),"◀","─")),"") | H8: =IF(AND(R8<=DATE(2026,9,1),S8>=DATE(2026,9,1)),IF(AND(MONTH(R8)=9,YEAR(R8)=2026),IF(AND(MONTH(S8)=9,YEAR(S8)=2026),"●","▶"),IF(AND(MONTH(S8)=9,YEAR(S8)=2026),"◀","─")),"") | I8: =IF(AND(R8<=DATE(2026,10,1),S8>=DATE(2026,10,1)),IF(AND(MONTH(R8)=10,YEAR(R8)=2026),IF(AND(MONTH(S8)=10,YEAR(S8)=2026),"●","▶"),IF(AND(MONTH(S8)=10,YEAR(S8)=2026),"◀","─")),"") -> ◀ | J8: =IF(AND(R8<=DATE(2026,11,1),S8>=DATE(2026,11,1)),IF(AND(MONTH(R8)=11,YEAR(R8)=2026),IF(AND(MONTH(S8)=11,YEAR(S8)=2026),"●","▶"),IF(AND(MONTH(S8)=11,YEAR(S8)=2026),"◀","─")),"") | K8: =IF(AND(R8<=DATE(2026,12,1),S8>=DATE(2026,12,1)),IF(AND(MONTH(R8)=12,YEAR(R8)=2026),IF(AND(MONTH(S8)=12,YEAR(S8)=2026),"●","▶"),IF(AND(MONTH(S8)=12,YEAR(S8)=2026),"◀","─")),"") | L8: =IF(AND(R8<=DATE(2027,1,1),S8>=DATE(2027,1,1)),IF(AND(MONTH(R8)=1,YEAR(R8)=2027),IF(AND(MONTH(S8)=1,YEAR(S8)=2027),"●","▶"),IF(AND(MONTH(S8)=1,YEAR(S8)=2027),"◀","─")),"") | M8: =IF(AND(R8<=DATE(2027,2,1),S8>=DATE(2027,2,1)),IF(AND(MONTH(R8)=2,YEAR(R8)=2027),IF(AND(MONTH(S8)=2,YEAR(S8)=2027),"●","▶"),IF(AND(MONTH(S8)=2,YEAR(S8)=2027),"◀","─")),"") | N8: =IF(AND(R8<=DATE(2027,3,1),S8>=DATE(2027,3,1)),IF(AND(MONTH(R8)=3,YEAR(R8)=2027),IF(AND(MONTH(S8)=3,YEAR(S8)=2027),"●","▶"),IF(AND(MONTH(S8)=3,YEAR(S8)=2027),"◀","─")),"") | O8: =IF(AND(R8<=DATE(2027,4,1),S8>=DATE(2027,4,1)),IF(AND(MONTH(R8)=4,YEAR(R8)=2027),IF(AND(MONTH(S8)=4,YEAR(S8)=2027),"●","▶"),IF(AND(MONTH(S8)=4,YEAR(S8)=2027),"◀","─")),"") | P8: =IF(AND(R8<=DATE(2027,5,1),S8>=DATE(2027,5,1)),IF(AND(MONTH(R8)=5,YEAR(R8)=2027),IF(AND(MONTH(S8)=5,YEAR(S8)=2027),"●","▶"),IF(AND(MONTH(S8)=5,YEAR(S8)=2027),"◀","─")),"") | Q8: =IF(AND(R8<=DATE(2027,6,1),S8>=DATE(2027,6,1)),IF(AND(MONTH(R8)=6,YEAR(R8)=2027),IF(AND(MONTH(S8)=6,YEAR(S8)=2027),"●","▶"),IF(AND(MONTH(S8)=6,YEAR(S8)=2027),"◀","─")),"") | R8: =EDATE($C$2,-7) -> 46282 | S8: =EDATE($C$2,-6) -> 46312 | T8: 3
B9: 確認賓客名單初稿 | C9: 雙 | D9: =IF(AND(R9<=DATE(2026,5,1),S9>=DATE(2026,5,1)),IF(AND(MONTH(R9)=5,YEAR(R9)=2026),IF(AND(MONTH(S9)=5,YEAR(S9)=2026),"●","▶"),IF(AND(MONTH(S9)=5,YEAR(S9)=2026),"◀","─")),"") | E9: =IF(AND(R9<=DATE(2026,6,1),S9>=DATE(2026,6,1)),IF(AND(MONTH(R9)=6,YEAR(R9)=2026),IF(AND(MONTH(S9)=6,YEAR(S9)=2026),"●","▶"),IF(AND(MONTH(S9)=6,YEAR(S9)=2026),"◀","─")),"") | F9: =IF(AND(R9<=DATE(2026,7,1),S9>=DATE(2026,7,1)),IF(AND(MONTH(R9)=7,YEAR(R9)=2026),IF(AND(MONTH(S9)=7,YEAR(S9)=2026),"●","▶"),IF(AND(MONTH(S9)=7,YEAR(S9)=2026),"◀","─")),"") | G9: =IF(AND(R9<=DATE(2026,8,1),S9>=DATE(2026,8,1)),IF(AND(MONTH(R9)=8,YEAR(R9)=2026),IF(AND(MONTH(S9)=8,YEAR(S9)=2026),"●","▶"),IF(AND(MONTH(S9)=8,YEAR(S9)=2026),"◀","─")),"") | H9: =IF(AND(R9<=DATE(2026,9,1),S9>=DATE(2026,9,1)),IF(AND(MONTH(R9)=9,YEAR(R9)=2026),IF(AND(MONTH(S9)=9,YEAR(S9)=2026),"●","▶"),IF(AND(MONTH(S9)=9,YEAR(S9)=2026),"◀","─")),"") | I9: =IF(AND(R9<=DATE(2026,10,1),S9>=DATE(2026,10,1)),IF(AND(MONTH(R9)=10,YEAR(R9)=2026),IF(AND(MONTH(S9)=10,YEAR(S9)=2026),"●","▶"),IF(AND(MONTH(S9)=10,YEAR(S9)=2026),"◀","─")),"") | J9: =IF(AND(R9<=DATE(2026,11,1),S9>=DATE(2026,11,1)),IF(AND(MONTH(R9)=11,YEAR(R9)=2026),IF(AND(MONTH(S9)=11,YEAR(S9)=2026),"●","▶"),IF(AND(MONTH(S9)=11,YEAR(S9)=2026),"◀","─")),"") -> ◀ | K9: =IF(AND(R9<=DATE(2026,12,1),S9>=DATE(2026,12,1)),IF(AND(MONTH(R9)=12,YEAR(R9)=2026),IF(AND(MONTH(S9)=12,YEAR(S9)=2026),"●","▶"),IF(AND(MONTH(S9)=12,YEAR(S9)=2026),"◀","─")),"") | L9: =IF(AND(R9<=DATE(2027,1,1),S9>=DATE(2027,1,1)),IF(AND(MONTH(R9)=1,YEAR(R9)=2027),IF(AND(MONTH(S9)=1,YEAR(S9)=2027),"●","▶"),IF(AND(MONTH(S9)=1,YEAR(S9)=2027),"◀","─")),"") | M9: =IF(AND(R9<=DATE(2027,2,1),S9>=DATE(2027,2,1)),IF(AND(MONTH(R9)=2,YEAR(R9)=2027),IF(AND(MONTH(S9)=2,YEAR(S9)=2027),"●","▶"),IF(AND(MONTH(S9)=2,YEAR(S9)=2027),"◀","─")),"") | N9: =IF(AND(R9<=DATE(2027,3,1),S9>=DATE(2027,3,1)),IF(AND(MONTH(R9)=3,YEAR(R9)=2027),IF(AND(MONTH(S9)=3,YEAR(S9)=2027),"●","▶"),IF(AND(MONTH(S9)=3,YEAR(S9)=2027),"◀","─")),"") | O9: =IF(AND(R9<=DATE(2027,4,1),S9>=DATE(2027,4,1)),IF(AND(MONTH(R9)=4,YEAR(R9)=2027),IF(AND(MONTH(S9)=4,YEAR(S9)=2027),"●","▶"),IF(AND(MONTH(S9)=4,YEAR(S9)=2027),"◀","─")),"") | P9: =IF(AND(R9<=DATE(2027,5,1),S9>=DATE(2027,5,1)),IF(AND(MONTH(R9)=5,YEAR(R9)=2027),IF(AND(MONTH(S9)=5,YEAR(S9)=2027),"●","▶"),IF(AND(MONTH(S9)=5,YEAR(S9)=2027),"◀","─")),"") | Q9: =IF(AND(R9<=DATE(2027,6,1),S9>=DATE(2027,6,1)),IF(AND(MONTH(R9)=6,YEAR(R9)=2027),IF(AND(MONTH(S9)=6,YEAR(S9)=2027),"●","▶"),IF(AND(MONTH(S9)=6,YEAR(S9)=2027),"◀","─")),"") | R9: =EDATE($C$2,-6) -> 46312 | S9: =EDATE($C$2,-5) -> 46343 | T9: 3
B10: 確定婚宴形式（飯店/餐廳） | C10: 雙 | D10: =IF(AND(R10<=DATE(2026,5,1),S10>=DATE(2026,5,1)),IF(AND(MONTH(R10)=5,YEAR(R10)=2026),IF(AND(MONTH(S10)=5,YEAR(S10)=2026),"●","▶"),IF(AND(MONTH(S10)=5,YEAR(S10)=2026),"◀","─")),"") | E10: =IF(AND(R10<=DATE(2026,6,1),S10>=DATE(2026,6,1)),IF(AND(MONTH(R10)=6,YEAR(R10)=2026),IF(AND(MONTH(S10)=6,YEAR(S10)=2026),"●","▶"),IF(AND(MONTH(S10)=6,YEAR(S10)=2026),"◀","─")),"") | F10: =IF(AND(R10<=DATE(2026,7,1),S10>=DATE(2026,7,1)),IF(AND(MONTH(R10)=7,YEAR(R10)=2026),IF(AND(MONTH(S10)=7,YEAR(S10)=2026),"●","▶"),IF(AND(MONTH(S10)=7,YEAR(S10)=2026),"◀","─")),"") | G10: =IF(AND(R10<=DATE(2026,8,1),S10>=DATE(2026,8,1)),IF(AND(MONTH(R10)=8,YEAR(R10)=2026),IF(AND(MONTH(S10)=8,YEAR(S10)=2026),"●","▶"),IF(AND(MONTH(S10)=8,YEAR(S10)=2026),"◀","─")),"") | H10: =IF(AND(R10<=DATE(2026,9,1),S10>=DATE(2026,9,1)),IF(AND(MONTH(R10)=9,YEAR(R10)=2026),IF(AND(MONTH(S10)=9,YEAR(S10)=2026),"●","▶"),IF(AND(MONTH(S10)=9,YEAR(S10)=2026),"◀","─")),"") | I10: =IF(AND(R10<=DATE(2026,10,1),S10>=DATE(2026,10,1)),IF(AND(MONTH(R10)=10,YEAR(R10)=2026),IF(AND(MONTH(S10)=10,YEAR(S10)=2026),"●","▶"),IF(AND(MONTH(S10)=10,YEAR(S10)=2026),"◀","─")),"") -> ◀ | J10: =IF(AND(R10<=DATE(2026,11,1),S10>=DATE(2026,11,1)),IF(AND(MONTH(R10)=11,YEAR(R10)=2026),IF(AND(MONTH(S10)=11,YEAR(S10)=2026),"●","▶"),IF(AND(MONTH(S10)=11,YEAR(S10)=2026),"◀","─")),"") | K10: =IF(AND(R10<=DATE(2026,12,1),S10>=DATE(2026,12,1)),IF(AND(MONTH(R10)=12,YEAR(R10)=2026),IF(AND(MONTH(S10)=12,YEAR(S10)=2026),"●","▶"),IF(AND(MONTH(S10)=12,YEAR(S10)=2026),"◀","─")),"") | L10: =IF(AND(R10<=DATE(2027,1,1),S10>=DATE(2027,1,1)),IF(AND(MONTH(R10)=1,YEAR(R10)=2027),IF(AND(MONTH(S10)=1,YEAR(S10)=2027),"●","▶"),IF(AND(MONTH(S10)=1,YEAR(S10)=2027),"◀","─")),"") | M10: =IF(AND(R10<=DATE(2027,2,1),S10>=DATE(2027,2,1)),IF(AND(MONTH(R10)=2,YEAR(R10)=2027),IF(AND(MONTH(S10)=2,YEAR(S10)=2027),"●","▶"),IF(AND(MONTH(S10)=2,YEAR(S10)=2027),"◀","─")),"") | N10: =IF(AND(R10<=DATE(2027,3,1),S10>=DATE(2027,3,1)),IF(AND(MONTH(R10)=3,YEAR(R10)=2027),IF(AND(MONTH(S10)=3,YEAR(S10)=2027),"●","▶"),IF(AND(MONTH(S10)=3,YEAR(S10)=2027),"◀","─")),"") | O10: =IF(AND(R10<=DATE(2027,4,1),S10>=DATE(2027,4,1)),IF(AND(MONTH(R10)=4,YEAR(R10)=2027),IF(AND(MONTH(S10)=4,YEAR(S10)=2027),"●","▶"),IF(AND(MONTH(S10)=4,YEAR(S10)=2027),"◀","─")),"") | P10: =IF(AND(R10<=DATE(2027,5,1),S10>=DATE(2027,5,1)),IF(AND(MONTH(R10)=5,YEAR(R10)=2027),IF(AND(MONTH(S10)=5,YEAR(S10)=2027),"●","▶"),IF(AND(MONTH(S10)=5,YEAR(S10)=2027),"◀","─")),"") | Q10: =IF(AND(R10<=DATE(2027,6,1),S10>=DATE(2027,6,1)),IF(AND(MONTH(R10)=6,YEAR(R10)=2027),IF(AND(MONTH(S10)=6,YEAR(S10)=2027),"●","▶"),IF(AND(MONTH(S10)=6,YEAR(S10)=2027),"◀","─")),"") | R10: =EDATE($C$2,-7) -> 46282 | S10: =EDATE($C$2,-6) -> 46312 | T10: 3
A11: 預訂服務 | B11: 預訂婚宴場地 ⚡ | C11: 雙 | D11: =IF(AND(R11<=DATE(2026,5,1),S11>=DATE(2026,5,1)),IF(AND(MONTH(R11)=5,YEAR(R11)=2026),IF(AND(MONTH(S11)=5,YEAR(S11)=2026),"●","▶"),IF(AND(MONTH(S11)=5,YEAR(S11)=2026),"◀","─")),"") | E11: =IF(AND(R11<=DATE(2026,6,1),S11>=DATE(2026,6,1)),IF(AND(MONTH(R11)=6,YEAR(R11)=2026),IF(AND(MONTH(S11)=6,YEAR(S11)=2026),"●","▶"),IF(AND(MONTH(S11)=6,YEAR(S11)=2026),"◀","─")),"") | F11: =IF(AND(R11<=DATE(2026,7,1),S11>=DATE(2026,7,1)),IF(AND(MONTH(R11)=7,YEAR(R11)=2026),IF(AND(MONTH(S11)=7,YEAR(S11)=2026),"●","▶"),IF(AND(MONTH(S11)=7,YEAR(S11)=2026),"◀","─")),"") -> ─ | G11: =IF(AND(R11<=DATE(2026,8,1),S11>=DATE(2026,8,1)),IF(AND(MONTH(R11)=8,YEAR(R11)=2026),IF(AND(MONTH(S11)=8,YEAR(S11)=2026),"●","▶"),IF(AND(MONTH(S11)=8,YEAR(S11)=2026),"◀","─")),"") -> ◀ | H11: =IF(AND(R11<=DATE(2026,9,1),S11>=DATE(2026,9,1)),IF(AND(MONTH(R11)=9,YEAR(R11)=2026),IF(AND(MONTH(S11)=9,YEAR(S11)=2026),"●","▶"),IF(AND(MONTH(S11)=9,YEAR(S11)=2026),"◀","─")),"") | I11: =IF(AND(R11<=DATE(2026,10,1),S11>=DATE(2026,10,1)),IF(AND(MONTH(R11)=10,YEAR(R11)=2026),IF(AND(MONTH(S11)=10,YEAR(S11)=2026),"●","▶"),IF(AND(MONTH(S11)=10,YEAR(S11)=2026),"◀","─")),"") | J11: =IF(AND(R11<=DATE(2026,11,1),S11>=DATE(2026,11,1)),IF(AND(MONTH(R11)=11,YEAR(R11)=2026),IF(AND(MONTH(S11)=11,YEAR(S11)=2026),"●","▶"),IF(AND(MONTH(S11)=11,YEAR(S11)=2026),"◀","─")),"") | K11: =IF(AND(R11<=DATE(2026,12,1),S11>=DATE(2026,12,1)),IF(AND(MONTH(R11)=12,YEAR(R11)=2026),IF(AND(MONTH(S11)=12,YEAR(S11)=2026),"●","▶"),IF(AND(MONTH(S11)=12,YEAR(S11)=2026),"◀","─")),"") | L11: =IF(AND(R11<=DATE(2027,1,1),S11>=DATE(2027,1,1)),IF(AND(MONTH(R11)=1,YEAR(R11)=2027),IF(AND(MONTH(S11)=1,YEAR(S11)=2027),"●","▶"),IF(AND(MONTH(S11)=1,YEAR(S11)=2027),"◀","─")),"") | M11: =IF(AND(R11<=DATE(2027,2,1),S11>=DATE(2027,2,1)),IF(AND(MONTH(R11)=2,YEAR(R11)=2027),IF(AND(MONTH(S11)=2,YEAR(S11)=2027),"●","▶"),IF(AND(MONTH(S11)=2,YEAR(S11)=2027),"◀","─")),"") | N11: =IF(AND(R11<=DATE(2027,3,1),S11>=DATE(2027,3,1)),IF(AND(MONTH(R11)=3,YEAR(R11)=2027),IF(AND(MONTH(S11)=3,YEAR(S11)=2027),"●","▶"),IF(AND(MONTH(S11)=3,YEAR(S11)=2027),"◀","─")),"") | O11: =IF(AND(R11<=DATE(2027,4,1),S11>=DATE(2027,4,1)),IF(AND(MONTH(R11)=4,YEAR(R11)=2027),IF(AND(MONTH(S11)=4,YEAR(S11)=2027),"●","▶"),IF(AND(MONTH(S11)=4,YEAR(S11)=2027),"◀","─")),"") | P11: =IF(AND(R11<=DATE(2027,5,1),S11>=DATE(2027,5,1)),IF(AND(MONTH(R11)=5,YEAR(R11)=2027),IF(AND(MONTH(S11)=5,YEAR(S11)=2027),"●","▶"),IF(AND(MONTH(S11)=5,YEAR(S11)=2027),"◀","─")),"") | Q11: =IF(AND(R11<=DATE(2027,6,1),S11>=DATE(2027,6,1)),IF(AND(MONTH(R11)=6,YEAR(R11)=2027),IF(AND(MONTH(S11)=6,YEAR(S11)=2027),"●","▶"),IF(AND(MONTH(S11)=6,YEAR(S11)=2027),"◀","─")),"") | R11: =EDATE('完整 Checklist'!F11,-1) -> 46203 | S11: =EDATE($R$11,2) -> 46264 | T11: 3
B12: 預訂婚紗工作室 | C12: 雙 | D12: =IF(AND(R12<=DATE(2026,5,1),S12>=DATE(2026,5,1)),IF(AND(MONTH(R12)=5,YEAR(R12)=2026),IF(AND(MONTH(S12)=5,YEAR(S12)=2026),"●","▶"),IF(AND(MONTH(S12)=5,YEAR(S12)=2026),"◀","─")),"") | E12: =IF(AND(R12<=DATE(2026,6,1),S12>=DATE(2026,6,1)),IF(AND(MONTH(R12)=6,YEAR(R12)=2026),IF(AND(MONTH(S12)=6,YEAR(S12)=2026),"●","▶"),IF(AND(MONTH(S12)=6,YEAR(S12)=2026),"◀","─")),"") | F12: =IF(AND(R12<=DATE(2026,7,1),S12>=DATE(2026,7,1)),IF(AND(MONTH(R12)=7,YEAR(R12)=2026),IF(AND(MONTH(S12)=7,YEAR(S12)=2026),"●","▶"),IF(AND(MONTH(S12)=7,YEAR(S12)=2026),"◀","─")),"") | G12: =IF(AND(R12<=DATE(2026,8,1),S12>=DATE(2026,8,1)),IF(AND(MONTH(R12)=8,YEAR(R12)=2026),IF(AND(MONTH(S12)=8,YEAR(S12)=2026),"●","▶"),IF(AND(MONTH(S12)=8,YEAR(S12)=2026),"◀","─")),"") | H12: =IF(AND(R12<=DATE(2026,9,1),S12>=DATE(2026,9,1)),IF(AND(MONTH(R12)=9,YEAR(R12)=2026),IF(AND(MONTH(S12)=9,YEAR(S12)=2026),"●","▶"),IF(AND(MONTH(S12)=9,YEAR(S12)=2026),"◀","─")),"") | I12: =IF(AND(R12<=DATE(2026,10,1),S12>=DATE(2026,10,1)),IF(AND(MONTH(R12)=10,YEAR(R12)=2026),IF(AND(MONTH(S12)=10,YEAR(S12)=2026),"●","▶"),IF(AND(MONTH(S12)=10,YEAR(S12)=2026),"◀","─")),"") | J12: =IF(AND(R12<=DATE(2026,11,1),S12>=DATE(2026,11,1)),IF(AND(MONTH(R12)=11,YEAR(R12)=2026),IF(AND(MONTH(S12)=11,YEAR(S12)=2026),"●","▶"),IF(AND(MONTH(S12)=11,YEAR(S12)=2026),"◀","─")),"") -> ─ | K12: =IF(AND(R12<=DATE(2026,12,1),S12>=DATE(2026,12,1)),IF(AND(MONTH(R12)=12,YEAR(R12)=2026),IF(AND(MONTH(S12)=12,YEAR(S12)=2026),"●","▶"),IF(AND(MONTH(S12)=12,YEAR(S12)=2026),"◀","─")),"") -> ◀ | L12: =IF(AND(R12<=DATE(2027,1,1),S12>=DATE(2027,1,1)),IF(AND(MONTH(R12)=1,YEAR(R12)=2027),IF(AND(MONTH(S12)=1,YEAR(S12)=2027),"●","▶"),IF(AND(MONTH(S12)=1,YEAR(S12)=2027),"◀","─")),"") | M12: =IF(AND(R12<=DATE(2027,2,1),S12>=DATE(2027,2,1)),IF(AND(MONTH(R12)=2,YEAR(R12)=2027),IF(AND(MONTH(S12)=2,YEAR(S12)=2027),"●","▶"),IF(AND(MONTH(S12)=2,YEAR(S12)=2027),"◀","─")),"") | N12: =IF(AND(R12<=DATE(2027,3,1),S12>=DATE(2027,3,1)),IF(AND(MONTH(R12)=3,YEAR(R12)=2027),IF(AND(MONTH(S12)=3,YEAR(S12)=2027),"●","▶"),IF(AND(MONTH(S12)=3,YEAR(S12)=2027),"◀","─")),"") | O12: =IF(AND(R12<=DATE(2027,4,1),S12>=DATE(2027,4,1)),IF(AND(MONTH(R12)=4,YEAR(R12)=2027),IF(AND(MONTH(S12)=4,YEAR(S12)=2027),"●","▶"),IF(AND(MONTH(S12)=4,YEAR(S12)=2027),"◀","─")),"") | P12: =IF(AND(R12<=DATE(2027,5,1),S12>=DATE(2027,5,1)),IF(AND(MONTH(R12)=5,YEAR(R12)=2027),IF(AND(MONTH(S12)=5,YEAR(S12)=2027),"●","▶"),IF(AND(MONTH(S12)=5,YEAR(S12)=2027),"◀","─")),"") | Q12: =IF(AND(R12<=DATE(2027,6,1),S12>=DATE(2027,6,1)),IF(AND(MONTH(R12)=6,YEAR(R12)=2027),IF(AND(MONTH(S12)=6,YEAR(S12)=2027),"●","▶"),IF(AND(MONTH(S12)=6,YEAR(S12)=2027),"◀","─")),"") | R12: =EDATE($C$2,-6) -> 46312 | S12: =EDATE($C$2,-4) -> 46373 | T12: 3
B13: 預訂婚禮攝影師 | C13: 雙 | D13: =IF(AND(R13<=DATE(2026,5,1),S13>=DATE(2026,5,1)),IF(AND(MONTH(R13)=5,YEAR(R13)=2026),IF(AND(MONTH(S13)=5,YEAR(S13)=2026),"●","▶"),IF(AND(MONTH(S13)=5,YEAR(S13)=2026),"◀","─")),"") | E13: =IF(AND(R13<=DATE(2026,6,1),S13>=DATE(2026,6,1)),IF(AND(MONTH(R13)=6,YEAR(R13)=2026),IF(AND(MONTH(S13)=6,YEAR(S13)=2026),"●","▶"),IF(AND(MONTH(S13)=6,YEAR(S13)=2026),"◀","─")),"") | F13: =IF(AND(R13<=DATE(2026,7,1),S13>=DATE(2026,7,1)),IF(AND(MONTH(R13)=7,YEAR(R13)=2026),IF(AND(MONTH(S13)=7,YEAR(S13)=2026),"●","▶"),IF(AND(MONTH(S13)=7,YEAR(S13)=2026),"◀","─")),"") | G13: =IF(AND(R13<=DATE(2026,8,1),S13>=DATE(2026,8,1)),IF(AND(MONTH(R13)=8,YEAR(R13)=2026),IF(AND(MONTH(S13)=8,YEAR(S13)=2026),"●","▶"),IF(AND(MONTH(S13)=8,YEAR(S13)=2026),"◀","─")),"") | H13: =IF(AND(R13<=DATE(2026,9,1),S13>=DATE(2026,9,1)),IF(AND(MONTH(R13)=9,YEAR(R13)=2026),IF(AND(MONTH(S13)=9,YEAR(S13)=2026),"●","▶"),IF(AND(MONTH(S13)=9,YEAR(S13)=2026),"◀","─")),"") | I13: =IF(AND(R13<=DATE(2026,10,1),S13>=DATE(2026,10,1)),IF(AND(MONTH(R13)=10,YEAR(R13)=2026),IF(AND(MONTH(S13)=10,YEAR(S13)=2026),"●","▶"),IF(AND(MONTH(S13)=10,YEAR(S13)=2026),"◀","─")),"") | J13: =IF(AND(R13<=DATE(2026,11,1),S13>=DATE(2026,11,1)),IF(AND(MONTH(R13)=11,YEAR(R13)=2026),IF(AND(MONTH(S13)=11,YEAR(S13)=2026),"●","▶"),IF(AND(MONTH(S13)=11,YEAR(S13)=2026),"◀","─")),"") -> ─ | K13: =IF(AND(R13<=DATE(2026,12,1),S13>=DATE(2026,12,1)),IF(AND(MONTH(R13)=12,YEAR(R13)=2026),IF(AND(MONTH(S13)=12,YEAR(S13)=2026),"●","▶"),IF(AND(MONTH(S13)=12,YEAR(S13)=2026),"◀","─")),"") -> ─ | L13: =IF(AND(R13<=DATE(2027,1,1),S13>=DATE(2027,1,1)),IF(AND(MONTH(R13)=1,YEAR(R13)=2027),IF(AND(MONTH(S13)=1,YEAR(S13)=2027),"●","▶"),IF(AND(MONTH(S13)=1,YEAR(S13)=2027),"◀","─")),"") -> ◀ | M13: =IF(AND(R13<=DATE(2027,2,1),S13>=DATE(2027,2,1)),IF(AND(MONTH(R13)=2,YEAR(R13)=2027),IF(AND(MONTH(S13)=2,YEAR(S13)=2027),"●","▶"),IF(AND(MONTH(S13)=2,YEAR(S13)=2027),"◀","─")),"") | N13: =IF(AND(R13<=DATE(2027,3,1),S13>=DATE(2027,3,1)),IF(AND(MONTH(R13)=3,YEAR(R13)=2027),IF(AND(MONTH(S13)=3,YEAR(S13)=2027),"●","▶"),IF(AND(MONTH(S13)=3,YEAR(S13)=2027),"◀","─")),"") | O13: =IF(AND(R13<=DATE(2027,4,1),S13>=DATE(2027,4,1)),IF(AND(MONTH(R13)=4,YEAR(R13)=2027),IF(AND(MONTH(S13)=4,YEAR(S13)=2027),"●","▶"),IF(AND(MONTH(S13)=4,YEAR(S13)=2027),"◀","─")),"") | P13: =IF(AND(R13<=DATE(2027,5,1),S13>=DATE(2027,5,1)),IF(AND(MONTH(R13)=5,YEAR(R13)=2027),IF(AND(MONTH(S13)=5,YEAR(S13)=2027),"●","▶"),IF(AND(MONTH(S13)=5,YEAR(S13)=2027),"◀","─")),"") | Q13: =IF(AND(R13<=DATE(2027,6,1),S13>=DATE(2027,6,1)),IF(AND(MONTH(R13)=6,YEAR(R13)=2027),IF(AND(MONTH(S13)=6,YEAR(S13)=2027),"●","▶"),IF(AND(MONTH(S13)=6,YEAR(S13)=2027),"◀","─")),"") | R13: =EDATE($C$2,-6) -> 46312 | S13: =EDATE($C$2,-3) -> 46404 | T13: 3
B14: 預訂婚禮錄影（選配） | C14: 雙 | D14: =IF(AND(R14<=DATE(2026,5,1),S14>=DATE(2026,5,1)),IF(AND(MONTH(R14)=5,YEAR(R14)=2026),IF(AND(MONTH(S14)=5,YEAR(S14)=2026),"●","▶"),IF(AND(MONTH(S14)=5,YEAR(S14)=2026),"◀","─")),"") | E14: =IF(AND(R14<=DATE(2026,6,1),S14>=DATE(2026,6,1)),IF(AND(MONTH(R14)=6,YEAR(R14)=2026),IF(AND(MONTH(S14)=6,YEAR(S14)=2026),"●","▶"),IF(AND(MONTH(S14)=6,YEAR(S14)=2026),"◀","─")),"") | F14: =IF(AND(R14<=DATE(2026,7,1),S14>=DATE(2026,7,1)),IF(AND(MONTH(R14)=7,YEAR(R14)=2026),IF(AND(MONTH(S14)=7,YEAR(S14)=2026),"●","▶"),IF(AND(MONTH(S14)=7,YEAR(S14)=2026),"◀","─")),"") | G14: =IF(AND(R14<=DATE(2026,8,1),S14>=DATE(2026,8,1)),IF(AND(MONTH(R14)=8,YEAR(R14)=2026),IF(AND(MONTH(S14)=8,YEAR(S14)=2026),"●","▶"),IF(AND(MONTH(S14)=8,YEAR(S14)=2026),"◀","─")),"") | H14: =IF(AND(R14<=DATE(2026,9,1),S14>=DATE(2026,9,1)),IF(AND(MONTH(R14)=9,YEAR(R14)=2026),IF(AND(MONTH(S14)=9,YEAR(S14)=2026),"●","▶"),IF(AND(MONTH(S14)=9,YEAR(S14)=2026),"◀","─")),"") | I14: =IF(AND(R14<=DATE(2026,10,1),S14>=DATE(2026,10,1)),IF(AND(MONTH(R14)=10,YEAR(R14)=2026),IF(AND(MONTH(S14)=10,YEAR(S14)=2026),"●","▶"),IF(AND(MONTH(S14)=10,YEAR(S14)=2026),"◀","─")),"") | J14: =IF(AND(R14<=DATE(2026,11,1),S14>=DATE(2026,11,1)),IF(AND(MONTH(R14)=11,YEAR(R14)=2026),IF(AND(MONTH(S14)=11,YEAR(S14)=2026),"●","▶"),IF(AND(MONTH(S14)=11,YEAR(S14)=2026),"◀","─")),"") -> ─ | K14: =IF(AND(R14<=DATE(2026,12,1),S14>=DATE(2026,12,1)),IF(AND(MONTH(R14)=12,YEAR(R14)=2026),IF(AND(MONTH(S14)=12,YEAR(S14)=2026),"●","▶"),IF(AND(MONTH(S14)=12,YEAR(S14)=2026),"◀","─")),"") -> ─ | L14: =IF(AND(R14<=DATE(2027,1,1),S14>=DATE(2027,1,1)),IF(AND(MONTH(R14)=1,YEAR(R14)=2027),IF(AND(MONTH(S14)=1,YEAR(S14)=2027),"●","▶"),IF(AND(MONTH(S14)=1,YEAR(S14)=2027),"◀","─")),"") -> ◀ | M14: =IF(AND(R14<=DATE(2027,2,1),S14>=DATE(2027,2,1)),IF(AND(MONTH(R14)=2,YEAR(R14)=2027),IF(AND(MONTH(S14)=2,YEAR(S14)=2027),"●","▶"),IF(AND(MONTH(S14)=2,YEAR(S14)=2027),"◀","─")),"") | N14: =IF(AND(R14<=DATE(2027,3,1),S14>=DATE(2027,3,1)),IF(AND(MONTH(R14)=3,YEAR(R14)=2027),IF(AND(MONTH(S14)=3,YEAR(S14)=2027),"●","▶"),IF(AND(MONTH(S14)=3,YEAR(S14)=2027),"◀","─")),"") | O14: =IF(AND(R14<=DATE(2027,4,1),S14>=DATE(2027,4,1)),IF(AND(MONTH(R14)=4,YEAR(R14)=2027),IF(AND(MONTH(S14)=4,YEAR(S14)=2027),"●","▶"),IF(AND(MONTH(S14)=4,YEAR(S14)=2027),"◀","─")),"") | P14: =IF(AND(R14<=DATE(2027,5,1),S14>=DATE(2027,5,1)),IF(AND(MONTH(R14)=5,YEAR(R14)=2027),IF(AND(MONTH(S14)=5,YEAR(S14)=2027),"●","▶"),IF(AND(MONTH(S14)=5,YEAR(S14)=2027),"◀","─")),"") | Q14: =IF(AND(R14<=DATE(2027,6,1),S14>=DATE(2027,6,1)),IF(AND(MONTH(R14)=6,YEAR(R14)=2027),IF(AND(MONTH(S14)=6,YEAR(S14)=2027),"●","▶"),IF(AND(MONTH(S14)=6,YEAR(S14)=2027),"◀","─")),"") | R14: =EDATE($C$2,-6) -> 46312 | S14: =EDATE($C$2,-3) -> 46404 | T14: 3
B15: 預訂新娘秘書（新秘）⚡ | C15: 女 | D15: =IF(AND(R15<=DATE(2026,5,1),S15>=DATE(2026,5,1)),IF(AND(MONTH(R15)=5,YEAR(R15)=2026),IF(AND(MONTH(S15)=5,YEAR(S15)=2026),"●","▶"),IF(AND(MONTH(S15)=5,YEAR(S15)=2026),"◀","─")),"") | E15: =IF(AND(R15<=DATE(2026,6,1),S15>=DATE(2026,6,1)),IF(AND(MONTH(R15)=6,YEAR(R15)=2026),IF(AND(MONTH(S15)=6,YEAR(S15)=2026),"●","▶"),IF(AND(MONTH(S15)=6,YEAR(S15)=2026),"◀","─")),"") | F15: =IF(AND(R15<=DATE(2026,7,1),S15>=DATE(2026,7,1)),IF(AND(MONTH(R15)=7,YEAR(R15)=2026),IF(AND(MONTH(S15)=7,YEAR(S15)=2026),"●","▶"),IF(AND(MONTH(S15)=7,YEAR(S15)=2026),"◀","─")),"") | G15: =IF(AND(R15<=DATE(2026,8,1),S15>=DATE(2026,8,1)),IF(AND(MONTH(R15)=8,YEAR(R15)=2026),IF(AND(MONTH(S15)=8,YEAR(S15)=2026),"●","▶"),IF(AND(MONTH(S15)=8,YEAR(S15)=2026),"◀","─")),"") | H15: =IF(AND(R15<=DATE(2026,9,1),S15>=DATE(2026,9,1)),IF(AND(MONTH(R15)=9,YEAR(R15)=2026),IF(AND(MONTH(S15)=9,YEAR(S15)=2026),"●","▶"),IF(AND(MONTH(S15)=9,YEAR(S15)=2026),"◀","─")),"") | I15: =IF(AND(R15<=DATE(2026,10,1),S15>=DATE(2026,10,1)),IF(AND(MONTH(R15)=10,YEAR(R15)=2026),IF(AND(MONTH(S15)=10,YEAR(S15)=2026),"●","▶"),IF(AND(MONTH(S15)=10,YEAR(S15)=2026),"◀","─")),"") | J15: =IF(AND(R15<=DATE(2026,11,1),S15>=DATE(2026,11,1)),IF(AND(MONTH(R15)=11,YEAR(R15)=2026),IF(AND(MONTH(S15)=11,YEAR(S15)=2026),"●","▶"),IF(AND(MONTH(S15)=11,YEAR(S15)=2026),"◀","─")),"") -> ─ | K15: =IF(AND(R15<=DATE(2026,12,1),S15>=DATE(2026,12,1)),IF(AND(MONTH(R15)=12,YEAR(R15)=2026),IF(AND(MONTH(S15)=12,YEAR(S15)=2026),"●","▶"),IF(AND(MONTH(S15)=12,YEAR(S15)=2026),"◀","─")),"") -> ─ | L15: =IF(AND(R15<=DATE(2027,1,1),S15>=DATE(2027,1,1)),IF(AND(MONTH(R15)=1,YEAR(R15)=2027),IF(AND(MONTH(S15)=1,YEAR(S15)=2027),"●","▶"),IF(AND(MONTH(S15)=1,YEAR(S15)=2027),"◀","─")),"") -> ◀ | M15: =IF(AND(R15<=DATE(2027,2,1),S15>=DATE(2027,2,1)),IF(AND(MONTH(R15)=2,YEAR(R15)=2027),IF(AND(MONTH(S15)=2,YEAR(S15)=2027),"●","▶"),IF(AND(MONTH(S15)=2,YEAR(S15)=2027),"◀","─")),"") | N15: =IF(AND(R15<=DATE(2027,3,1),S15>=DATE(2027,3,1)),IF(AND(MONTH(R15)=3,YEAR(R15)=2027),IF(AND(MONTH(S15)=3,YEAR(S15)=2027),"●","▶"),IF(AND(MONTH(S15)=3,YEAR(S15)=2027),"◀","─")),"") | O15: =IF(AND(R15<=DATE(2027,4,1),S15>=DATE(2027,4,1)),IF(AND(MONTH(R15)=4,YEAR(R15)=2027),IF(AND(MONTH(S15)=4,YEAR(S15)=2027),"●","▶"),IF(AND(MONTH(S15)=4,YEAR(S15)=2027),"◀","─")),"") | P15: =IF(AND(R15<=DATE(2027,5,1),S15>=DATE(2027,5,1)),IF(AND(MONTH(R15)=5,YEAR(R15)=2027),IF(AND(MONTH(S15)=5,YEAR(S15)=2027),"●","▶"),IF(AND(MONTH(S15)=5,YEAR(S15)=2027),"◀","─")),"") | Q15: =IF(AND(R15<=DATE(2027,6,1),S15>=DATE(2027,6,1)),IF(AND(MONTH(R15)=6,YEAR(R15)=2027),IF(AND(MONTH(S15)=6,YEAR(S15)=2027),"●","▶"),IF(AND(MONTH(S15)=6,YEAR(S15)=2027),"◀","─")),"") | R15: =EDATE($C$2,-6) -> 46312 | S15: =EDATE($C$2,-3) -> 46404 | T15: 2
B16: 確定婚禮主持人 | C16: 雙 | D16: =IF(AND(R16<=DATE(2026,5,1),S16>=DATE(2026,5,1)),IF(AND(MONTH(R16)=5,YEAR(R16)=2026),IF(AND(MONTH(S16)=5,YEAR(S16)=2026),"●","▶"),IF(AND(MONTH(S16)=5,YEAR(S16)=2026),"◀","─")),"") | E16: =IF(AND(R16<=DATE(2026,6,1),S16>=DATE(2026,6,1)),IF(AND(MONTH(R16)=6,YEAR(R16)=2026),IF(AND(MONTH(S16)=6,YEAR(S16)=2026),"●","▶"),IF(AND(MONTH(S16)=6,YEAR(S16)=2026),"◀","─")),"") | F16: =IF(AND(R16<=DATE(2026,7,1),S16>=DATE(2026,7,1)),IF(AND(MONTH(R16)=7,YEAR(R16)=2026),IF(AND(MONTH(S16)=7,YEAR(S16)=2026),"●","▶"),IF(AND(MONTH(S16)=7,YEAR(S16)=2026),"◀","─")),"") | G16: =IF(AND(R16<=DATE(2026,8,1),S16>=DATE(2026,8,1)),IF(AND(MONTH(R16)=8,YEAR(R16)=2026),IF(AND(MONTH(S16)=8,YEAR(S16)=2026),"●","▶"),IF(AND(MONTH(S16)=8,YEAR(S16)=2026),"◀","─")),"") | H16: =IF(AND(R16<=DATE(2026,9,1),S16>=DATE(2026,9,1)),IF(AND(MONTH(R16)=9,YEAR(R16)=2026),IF(AND(MONTH(S16)=9,YEAR(S16)=2026),"●","▶"),IF(AND(MONTH(S16)=9,YEAR(S16)=2026),"◀","─")),"") | I16: =IF(AND(R16<=DATE(2026,10,1),S16>=DATE(2026,10,1)),IF(AND(MONTH(R16)=10,YEAR(R16)=2026),IF(AND(MONTH(S16)=10,YEAR(S16)=2026),"●","▶"),IF(AND(MONTH(S16)=10,YEAR(S16)=2026),"◀","─")),"") | J16: =IF(AND(R16<=DATE(2026,11,1),S16>=DATE(2026,11,1)),IF(AND(MONTH(R16)=11,YEAR(R16)=2026),IF(AND(MONTH(S16)=11,YEAR(S16)=2026),"●","▶"),IF(AND(MONTH(S16)=11,YEAR(S16)=2026),"◀","─")),"") | K16: =IF(AND(R16<=DATE(2026,12,1),S16>=DATE(2026,12,1)),IF(AND(MONTH(R16)=12,YEAR(R16)=2026),IF(AND(MONTH(S16)=12,YEAR(S16)=2026),"●","▶"),IF(AND(MONTH(S16)=12,YEAR(S16)=2026),"◀","─")),"") -> ─ | L16: =IF(AND(R16<=DATE(2027,1,1),S16>=DATE(2027,1,1)),IF(AND(MONTH(R16)=1,YEAR(R16)=2027),IF(AND(MONTH(S16)=1,YEAR(S16)=2027),"●","▶"),IF(AND(MONTH(S16)=1,YEAR(S16)=2027),"◀","─")),"") -> ◀ | M16: =IF(AND(R16<=DATE(2027,2,1),S16>=DATE(2027,2,1)),IF(AND(MONTH(R16)=2,YEAR(R16)=2027),IF(AND(MONTH(S16)=2,YEAR(S16)=2027),"●","▶"),IF(AND(MONTH(S16)=2,YEAR(S16)=2027),"◀","─")),"") | N16: =IF(AND(R16<=DATE(2027,3,1),S16>=DATE(2027,3,1)),IF(AND(MONTH(R16)=3,YEAR(R16)=2027),IF(AND(MONTH(S16)=3,YEAR(S16)=2027),"●","▶"),IF(AND(MONTH(S16)=3,YEAR(S16)=2027),"◀","─")),"") | O16: =IF(AND(R16<=DATE(2027,4,1),S16>=DATE(2027,4,1)),IF(AND(MONTH(R16)=4,YEAR(R16)=2027),IF(AND(MONTH(S16)=4,YEAR(S16)=2027),"●","▶"),IF(AND(MONTH(S16)=4,YEAR(S16)=2027),"◀","─")),"") | P16: =IF(AND(R16<=DATE(2027,5,1),S16>=DATE(2027,5,1)),IF(AND(MONTH(R16)=5,YEAR(R16)=2027),IF(AND(MONTH(S16)=5,YEAR(S16)=2027),"●","▶"),IF(AND(MONTH(S16)=5,YEAR(S16)=2027),"◀","─")),"") | Q16: =IF(AND(R16<=DATE(2027,6,1),S16>=DATE(2027,6,1)),IF(AND(MONTH(R16)=6,YEAR(R16)=2027),IF(AND(MONTH(S16)=6,YEAR(S16)=2027),"●","▶"),IF(AND(MONTH(S16)=6,YEAR(S16)=2027),"◀","─")),"") | R16: =EDATE($C$2,-5) -> 46343 | S16: =EDATE($C$2,-3) -> 46404 | T16: 3
B17: 規劃蜜月行程 | C17: 雙 | D17: =IF(AND(R17<=DATE(2026,5,1),S17>=DATE(2026,5,1)),IF(AND(MONTH(R17)=5,YEAR(R17)=2026),IF(AND(MONTH(S17)=5,YEAR(S17)=2026),"●","▶"),IF(AND(MONTH(S17)=5,YEAR(S17)=2026),"◀","─")),"") | E17: =IF(AND(R17<=DATE(2026,6,1),S17>=DATE(2026,6,1)),IF(AND(MONTH(R17)=6,YEAR(R17)=2026),IF(AND(MONTH(S17)=6,YEAR(S17)=2026),"●","▶"),IF(AND(MONTH(S17)=6,YEAR(S17)=2026),"◀","─")),"") | F17: =IF(AND(R17<=DATE(2026,7,1),S17>=DATE(2026,7,1)),IF(AND(MONTH(R17)=7,YEAR(R17)=2026),IF(AND(MONTH(S17)=7,YEAR(S17)=2026),"●","▶"),IF(AND(MONTH(S17)=7,YEAR(S17)=2026),"◀","─")),"") | G17: =IF(AND(R17<=DATE(2026,8,1),S17>=DATE(2026,8,1)),IF(AND(MONTH(R17)=8,YEAR(R17)=2026),IF(AND(MONTH(S17)=8,YEAR(S17)=2026),"●","▶"),IF(AND(MONTH(S17)=8,YEAR(S17)=2026),"◀","─")),"") | H17: =IF(AND(R17<=DATE(2026,9,1),S17>=DATE(2026,9,1)),IF(AND(MONTH(R17)=9,YEAR(R17)=2026),IF(AND(MONTH(S17)=9,YEAR(S17)=2026),"●","▶"),IF(AND(MONTH(S17)=9,YEAR(S17)=2026),"◀","─")),"") | I17: =IF(AND(R17<=DATE(2026,10,1),S17>=DATE(2026,10,1)),IF(AND(MONTH(R17)=10,YEAR(R17)=2026),IF(AND(MONTH(S17)=10,YEAR(S17)=2026),"●","▶"),IF(AND(MONTH(S17)=10,YEAR(S17)=2026),"◀","─")),"") | J17: =IF(AND(R17<=DATE(2026,11,1),S17>=DATE(2026,11,1)),IF(AND(MONTH(R17)=11,YEAR(R17)=2026),IF(AND(MONTH(S17)=11,YEAR(S17)=2026),"●","▶"),IF(AND(MONTH(S17)=11,YEAR(S17)=2026),"◀","─")),"") | K17: =IF(AND(R17<=DATE(2026,12,1),S17>=DATE(2026,12,1)),IF(AND(MONTH(R17)=12,YEAR(R17)=2026),IF(AND(MONTH(S17)=12,YEAR(S17)=2026),"●","▶"),IF(AND(MONTH(S17)=12,YEAR(S17)=2026),"◀","─")),"") -> ─ | L17: =IF(AND(R17<=DATE(2027,1,1),S17>=DATE(2027,1,1)),IF(AND(MONTH(R17)=1,YEAR(R17)=2027),IF(AND(MONTH(S17)=1,YEAR(S17)=2027),"●","▶"),IF(AND(MONTH(S17)=1,YEAR(S17)=2027),"◀","─")),"") -> ─ | M17: =IF(AND(R17<=DATE(2027,2,1),S17>=DATE(2027,2,1)),IF(AND(MONTH(R17)=2,YEAR(R17)=2027),IF(AND(MONTH(S17)=2,YEAR(S17)=2027),"●","▶"),IF(AND(MONTH(S17)=2,YEAR(S17)=2027),"◀","─")),"") -> ◀ | N17: =IF(AND(R17<=DATE(2027,3,1),S17>=DATE(2027,3,1)),IF(AND(MONTH(R17)=3,YEAR(R17)=2027),IF(AND(MONTH(S17)=3,YEAR(S17)=2027),"●","▶"),IF(AND(MONTH(S17)=3,YEAR(S17)=2027),"◀","─")),"") | O17: =IF(AND(R17<=DATE(2027,4,1),S17>=DATE(2027,4,1)),IF(AND(MONTH(R17)=4,YEAR(R17)=2027),IF(AND(MONTH(S17)=4,YEAR(S17)=2027),"●","▶"),IF(AND(MONTH(S17)=4,YEAR(S17)=2027),"◀","─")),"") | P17: =IF(AND(R17<=DATE(2027,5,1),S17>=DATE(2027,5,1)),IF(AND(MONTH(R17)=5,YEAR(R17)=2027),IF(AND(MONTH(S17)=5,YEAR(S17)=2027),"●","▶"),IF(AND(MONTH(S17)=5,YEAR(S17)=2027),"◀","─")),"") | Q17: =IF(AND(R17<=DATE(2027,6,1),S17>=DATE(2027,6,1)),IF(AND(MONTH(R17)=6,YEAR(R17)=2027),IF(AND(MONTH(S17)=6,YEAR(S17)=2027),"●","▶"),IF(AND(MONTH(S17)=6,YEAR(S17)=2027),"◀","─")),"") | R17: =EDATE($C$2,-5) -> 46343 | S17: =EDATE($C$2,-2) -> 46435 | T17: 3
A18: 法律文件 | B18: 準備結婚登記文件 | C18: 雙 | D18: =IF(AND(R18<=DATE(2026,5,1),S18>=DATE(2026,5,1)),IF(AND(MONTH(R18)=5,YEAR(R18)=2026),IF(AND(MONTH(S18)=5,YEAR(S18)=2026),"●","▶"),IF(AND(MONTH(S18)=5,YEAR(S18)=2026),"◀","─")),"") | E18: =IF(AND(R18<=DATE(2026,6,1),S18>=DATE(2026,6,1)),IF(AND(MONTH(R18)=6,YEAR(R18)=2026),IF(AND(MONTH(S18)=6,YEAR(S18)=2026),"●","▶"),IF(AND(MONTH(S18)=6,YEAR(S18)=2026),"◀","─")),"") | F18: =IF(AND(R18<=DATE(2026,7,1),S18>=DATE(2026,7,1)),IF(AND(MONTH(R18)=7,YEAR(R18)=2026),IF(AND(MONTH(S18)=7,YEAR(S18)=2026),"●","▶"),IF(AND(MONTH(S18)=7,YEAR(S18)=2026),"◀","─")),"") | G18: =IF(AND(R18<=DATE(2026,8,1),S18>=DATE(2026,8,1)),IF(AND(MONTH(R18)=8,YEAR(R18)=2026),IF(AND(MONTH(S18)=8,YEAR(S18)=2026),"●","▶"),IF(AND(MONTH(S18)=8,YEAR(S18)=2026),"◀","─")),"") | H18: =IF(AND(R18<=DATE(2026,9,1),S18>=DATE(2026,9,1)),IF(AND(MONTH(R18)=9,YEAR(R18)=2026),IF(AND(MONTH(S18)=9,YEAR(S18)=2026),"●","▶"),IF(AND(MONTH(S18)=9,YEAR(S18)=2026),"◀","─")),"") | I18: =IF(AND(R18<=DATE(2026,10,1),S18>=DATE(2026,10,1)),IF(AND(MONTH(R18)=10,YEAR(R18)=2026),IF(AND(MONTH(S18)=10,YEAR(S18)=2026),"●","▶"),IF(AND(MONTH(S18)=10,YEAR(S18)=2026),"◀","─")),"") | J18: =IF(AND(R18<=DATE(2026,11,1),S18>=DATE(2026,11,1)),IF(AND(MONTH(R18)=11,YEAR(R18)=2026),IF(AND(MONTH(S18)=11,YEAR(S18)=2026),"●","▶"),IF(AND(MONTH(S18)=11,YEAR(S18)=2026),"◀","─")),"") | K18: =IF(AND(R18<=DATE(2026,12,1),S18>=DATE(2026,12,1)),IF(AND(MONTH(R18)=12,YEAR(R18)=2026),IF(AND(MONTH(S18)=12,YEAR(S18)=2026),"●","▶"),IF(AND(MONTH(S18)=12,YEAR(S18)=2026),"◀","─")),"") | L18: =IF(AND(R18<=DATE(2027,1,1),S18>=DATE(2027,1,1)),IF(AND(MONTH(R18)=1,YEAR(R18)=2027),IF(AND(MONTH(S18)=1,YEAR(S18)=2027),"●","▶"),IF(AND(MONTH(S18)=1,YEAR(S18)=2027),"◀","─")),"") -> ─ | M18: =IF(AND(R18<=DATE(2027,2,1),S18>=DATE(2027,2,1)),IF(AND(MONTH(R18)=2,YEAR(R18)=2027),IF(AND(MONTH(S18)=2,YEAR(S18)=2027),"●","▶"),IF(AND(MONTH(S18)=2,YEAR(S18)=2027),"◀","─")),"") -> ─ | N18: =IF(AND(R18<=DATE(2027,3,1),S18>=DATE(2027,3,1)),IF(AND(MONTH(R18)=3,YEAR(R18)=2027),IF(AND(MONTH(S18)=3,YEAR(S18)=2027),"●","▶"),IF(AND(MONTH(S18)=3,YEAR(S18)=2027),"◀","─")),"") -> ◀ | O18: =IF(AND(R18<=DATE(2027,4,1),S18>=DATE(2027,4,1)),IF(AND(MONTH(R18)=4,YEAR(R18)=2027),IF(AND(MONTH(S18)=4,YEAR(S18)=2027),"●","▶"),IF(AND(MONTH(S18)=4,YEAR(S18)=2027),"◀","─")),"") | P18: =IF(AND(R18<=DATE(2027,5,1),S18>=DATE(2027,5,1)),IF(AND(MONTH(R18)=5,YEAR(R18)=2027),IF(AND(MONTH(S18)=5,YEAR(S18)=2027),"●","▶"),IF(AND(MONTH(S18)=5,YEAR(S18)=2027),"◀","─")),"") | Q18: =IF(AND(R18<=DATE(2027,6,1),S18>=DATE(2027,6,1)),IF(AND(MONTH(R18)=6,YEAR(R18)=2027),IF(AND(MONTH(S18)=6,YEAR(S18)=2027),"●","▶"),IF(AND(MONTH(S18)=6,YEAR(S18)=2027),"◀","─")),"") | R18: =EDATE($C$2,-4) -> 46373 | S18: =EDATE($C$2,-1) -> 46463 | T18: 3
B19: 辦理結婚登記（戶政事務所） | C19: 雙 | D19: =IF(AND(R19<=DATE(2026,5,1),S19>=DATE(2026,5,1)),IF(AND(MONTH(R19)=5,YEAR(R19)=2026),IF(AND(MONTH(S19)=5,YEAR(S19)=2026),"●","▶"),IF(AND(MONTH(S19)=5,YEAR(S19)=2026),"◀","─")),"") | E19: =IF(AND(R19<=DATE(2026,6,1),S19>=DATE(2026,6,1)),IF(AND(MONTH(R19)=6,YEAR(R19)=2026),IF(AND(MONTH(S19)=6,YEAR(S19)=2026),"●","▶"),IF(AND(MONTH(S19)=6,YEAR(S19)=2026),"◀","─")),"") | F19: =IF(AND(R19<=DATE(2026,7,1),S19>=DATE(2026,7,1)),IF(AND(MONTH(R19)=7,YEAR(R19)=2026),IF(AND(MONTH(S19)=7,YEAR(S19)=2026),"●","▶"),IF(AND(MONTH(S19)=7,YEAR(S19)=2026),"◀","─")),"") | G19: =IF(AND(R19<=DATE(2026,8,1),S19>=DATE(2026,8,1)),IF(AND(MONTH(R19)=8,YEAR(R19)=2026),IF(AND(MONTH(S19)=8,YEAR(S19)=2026),"●","▶"),IF(AND(MONTH(S19)=8,YEAR(S19)=2026),"◀","─")),"") | H19: =IF(AND(R19<=DATE(2026,9,1),S19>=DATE(2026,9,1)),IF(AND(MONTH(R19)=9,YEAR(R19)=2026),IF(AND(MONTH(S19)=9,YEAR(S19)=2026),"●","▶"),IF(AND(MONTH(S19)=9,YEAR(S19)=2026),"◀","─")),"") | I19: =IF(AND(R19<=DATE(2026,10,1),S19>=DATE(2026,10,1)),IF(AND(MONTH(R19)=10,YEAR(R19)=2026),IF(AND(MONTH(S19)=10,YEAR(S19)=2026),"●","▶"),IF(AND(MONTH(S19)=10,YEAR(S19)=2026),"◀","─")),"") | J19: =IF(AND(R19<=DATE(2026,11,1),S19>=DATE(2026,11,1)),IF(AND(MONTH(R19)=11,YEAR(R19)=2026),IF(AND(MONTH(S19)=11,YEAR(S19)=2026),"●","▶"),IF(AND(MONTH(S19)=11,YEAR(S19)=2026),"◀","─")),"") | K19: =IF(AND(R19<=DATE(2026,12,1),S19>=DATE(2026,12,1)),IF(AND(MONTH(R19)=12,YEAR(R19)=2026),IF(AND(MONTH(S19)=12,YEAR(S19)=2026),"●","▶"),IF(AND(MONTH(S19)=12,YEAR(S19)=2026),"◀","─")),"") | L19: =IF(AND(R19<=DATE(2027,1,1),S19>=DATE(2027,1,1)),IF(AND(MONTH(R19)=1,YEAR(R19)=2027),IF(AND(MONTH(S19)=1,YEAR(S19)=2027),"●","▶"),IF(AND(MONTH(S19)=1,YEAR(S19)=2027),"◀","─")),"") | M19: =IF(AND(R19<=DATE(2027,2,1),S19>=DATE(2027,2,1)),IF(AND(MONTH(R19)=2,YEAR(R19)=2027),IF(AND(MONTH(S19)=2,YEAR(S19)=2027),"●","▶"),IF(AND(MONTH(S19)=2,YEAR(S19)=2027),"◀","─")),"") | N19: =IF(AND(R19<=DATE(2027,3,1),S19>=DATE(2027,3,1)),IF(AND(MONTH(R19)=3,YEAR(R19)=2027),IF(AND(MONTH(S19)=3,YEAR(S19)=2027),"●","▶"),IF(AND(MONTH(S19)=3,YEAR(S19)=2027),"◀","─")),"") | O19: =IF(AND(R19<=DATE(2027,4,1),S19>=DATE(2027,4,1)),IF(AND(MONTH(R19)=4,YEAR(R19)=2027),IF(AND(MONTH(S19)=4,YEAR(S19)=2027),"●","▶"),IF(AND(MONTH(S19)=4,YEAR(S19)=2027),"◀","─")),"") -> ◀ | P19: =IF(AND(R19<=DATE(2027,5,1),S19>=DATE(2027,5,1)),IF(AND(MONTH(R19)=5,YEAR(R19)=2027),IF(AND(MONTH(S19)=5,YEAR(S19)=2027),"●","▶"),IF(AND(MONTH(S19)=5,YEAR(S19)=2027),"◀","─")),"") | Q19: =IF(AND(R19<=DATE(2027,6,1),S19>=DATE(2027,6,1)),IF(AND(MONTH(R19)=6,YEAR(R19)=2027),IF(AND(MONTH(S19)=6,YEAR(S19)=2027),"●","▶"),IF(AND(MONTH(S19)=6,YEAR(S19)=2027),"◀","─")),"") | R19: =EDATE($C$2,-1) -> 46463 | S19: =EDATE($C$2,0) -> 46494 | T19: 3
A20: 男方準備 | B20: 確認聘金金額 | C20: 男 | D20: =IF(AND(R20<=DATE(2026,5,1),S20>=DATE(2026,5,1)),IF(AND(MONTH(R20)=5,YEAR(R20)=2026),IF(AND(MONTH(S20)=5,YEAR(S20)=2026),"●","▶"),IF(AND(MONTH(S20)=5,YEAR(S20)=2026),"◀","─")),"") | E20: =IF(AND(R20<=DATE(2026,6,1),S20>=DATE(2026,6,1)),IF(AND(MONTH(R20)=6,YEAR(R20)=2026),IF(AND(MONTH(S20)=6,YEAR(S20)=2026),"●","▶"),IF(AND(MONTH(S20)=6,YEAR(S20)=2026),"◀","─")),"") | F20: =IF(AND(R20<=DATE(2026,7,1),S20>=DATE(2026,7,1)),IF(AND(MONTH(R20)=7,YEAR(R20)=2026),IF(AND(MONTH(S20)=7,YEAR(S20)=2026),"●","▶"),IF(AND(MONTH(S20)=7,YEAR(S20)=2026),"◀","─")),"") | G20: =IF(AND(R20<=DATE(2026,8,1),S20>=DATE(2026,8,1)),IF(AND(MONTH(R20)=8,YEAR(R20)=2026),IF(AND(MONTH(S20)=8,YEAR(S20)=2026),"●","▶"),IF(AND(MONTH(S20)=8,YEAR(S20)=2026),"◀","─")),"") | H20: =IF(AND(R20<=DATE(2026,9,1),S20>=DATE(2026,9,1)),IF(AND(MONTH(R20)=9,YEAR(R20)=2026),IF(AND(MONTH(S20)=9,YEAR(S20)=2026),"●","▶"),IF(AND(MONTH(S20)=9,YEAR(S20)=2026),"◀","─")),"") | I20: =IF(AND(R20<=DATE(2026,10,1),S20>=DATE(2026,10,1)),IF(AND(MONTH(R20)=10,YEAR(R20)=2026),IF(AND(MONTH(S20)=10,YEAR(S20)=2026),"●","▶"),IF(AND(MONTH(S20)=10,YEAR(S20)=2026),"◀","─")),"") | J20: =IF(AND(R20<=DATE(2026,11,1),S20>=DATE(2026,11,1)),IF(AND(MONTH(R20)=11,YEAR(R20)=2026),IF(AND(MONTH(S20)=11,YEAR(S20)=2026),"●","▶"),IF(AND(MONTH(S20)=11,YEAR(S20)=2026),"◀","─")),"") -> ─ | K20: =IF(AND(R20<=DATE(2026,12,1),S20>=DATE(2026,12,1)),IF(AND(MONTH(R20)=12,YEAR(R20)=2026),IF(AND(MONTH(S20)=12,YEAR(S20)=2026),"●","▶"),IF(AND(MONTH(S20)=12,YEAR(S20)=2026),"◀","─")),"") -> ◀ | L20: =IF(AND(R20<=DATE(2027,1,1),S20>=DATE(2027,1,1)),IF(AND(MONTH(R20)=1,YEAR(R20)=2027),IF(AND(MONTH(S20)=1,YEAR(S20)=2027),"●","▶"),IF(AND(MONTH(S20)=1,YEAR(S20)=2027),"◀","─")),"") | M20: =IF(AND(R20<=DATE(2027,2,1),S20>=DATE(2027,2,1)),IF(AND(MONTH(R20)=2,YEAR(R20)=2027),IF(AND(MONTH(S20)=2,YEAR(S20)=2027),"●","▶"),IF(AND(MONTH(S20)=2,YEAR(S20)=2027),"◀","─")),"") | N20: =IF(AND(R20<=DATE(2027,3,1),S20>=DATE(2027,3,1)),IF(AND(MONTH(R20)=3,YEAR(R20)=2027),IF(AND(MONTH(S20)=3,YEAR(S20)=2027),"●","▶"),IF(AND(MONTH(S20)=3,YEAR(S20)=2027),"◀","─")),"") | O20: =IF(AND(R20<=DATE(2027,4,1),S20>=DATE(2027,4,1)),IF(AND(MONTH(R20)=4,YEAR(R20)=2027),IF(AND(MONTH(S20)=4,YEAR(S20)=2027),"●","▶"),IF(AND(MONTH(S20)=4,YEAR(S20)=2027),"◀","─")),"") | P20: =IF(AND(R20<=DATE(2027,5,1),S20>=DATE(2027,5,1)),IF(AND(MONTH(R20)=5,YEAR(R20)=2027),IF(AND(MONTH(S20)=5,YEAR(S20)=2027),"●","▶"),IF(AND(MONTH(S20)=5,YEAR(S20)=2027),"◀","─")),"") | Q20: =IF(AND(R20<=DATE(2027,6,1),S20>=DATE(2027,6,1)),IF(AND(MONTH(R20)=6,YEAR(R20)=2027),IF(AND(MONTH(S20)=6,YEAR(S20)=2027),"●","▶"),IF(AND(MONTH(S20)=6,YEAR(S20)=2027),"◀","─")),"") | R20: =EDATE($C$2,-6) -> 46312 | S20: =EDATE($C$2,-4) -> 46373 | T20: 1
B21: 準備聘禮（禮餅等） | C21: 男 | D21: =IF(AND(R21<=DATE(2026,5,1),S21>=DATE(2026,5,1)),IF(AND(MONTH(R21)=5,YEAR(R21)=2026),IF(AND(MONTH(S21)=5,YEAR(S21)=2026),"●","▶"),IF(AND(MONTH(S21)=5,YEAR(S21)=2026),"◀","─")),"") | E21: =IF(AND(R21<=DATE(2026,6,1),S21>=DATE(2026,6,1)),IF(AND(MONTH(R21)=6,YEAR(R21)=2026),IF(AND(MONTH(S21)=6,YEAR(S21)=2026),"●","▶"),IF(AND(MONTH(S21)=6,YEAR(S21)=2026),"◀","─")),"") | F21: =IF(AND(R21<=DATE(2026,7,1),S21>=DATE(2026,7,1)),IF(AND(MONTH(R21)=7,YEAR(R21)=2026),IF(AND(MONTH(S21)=7,YEAR(S21)=2026),"●","▶"),IF(AND(MONTH(S21)=7,YEAR(S21)=2026),"◀","─")),"") | G21: =IF(AND(R21<=DATE(2026,8,1),S21>=DATE(2026,8,1)),IF(AND(MONTH(R21)=8,YEAR(R21)=2026),IF(AND(MONTH(S21)=8,YEAR(S21)=2026),"●","▶"),IF(AND(MONTH(S21)=8,YEAR(S21)=2026),"◀","─")),"") | H21: =IF(AND(R21<=DATE(2026,9,1),S21>=DATE(2026,9,1)),IF(AND(MONTH(R21)=9,YEAR(R21)=2026),IF(AND(MONTH(S21)=9,YEAR(S21)=2026),"●","▶"),IF(AND(MONTH(S21)=9,YEAR(S21)=2026),"◀","─")),"") | I21: =IF(AND(R21<=DATE(2026,10,1),S21>=DATE(2026,10,1)),IF(AND(MONTH(R21)=10,YEAR(R21)=2026),IF(AND(MONTH(S21)=10,YEAR(S21)=2026),"●","▶"),IF(AND(MONTH(S21)=10,YEAR(S21)=2026),"◀","─")),"") | J21: =IF(AND(R21<=DATE(2026,11,1),S21>=DATE(2026,11,1)),IF(AND(MONTH(R21)=11,YEAR(R21)=2026),IF(AND(MONTH(S21)=11,YEAR(S21)=2026),"●","▶"),IF(AND(MONTH(S21)=11,YEAR(S21)=2026),"◀","─")),"") | K21: =IF(AND(R21<=DATE(2026,12,1),S21>=DATE(2026,12,1)),IF(AND(MONTH(R21)=12,YEAR(R21)=2026),IF(AND(MONTH(S21)=12,YEAR(S21)=2026),"●","▶"),IF(AND(MONTH(S21)=12,YEAR(S21)=2026),"◀","─")),"") | L21: =IF(AND(R21<=DATE(2027,1,1),S21>=DATE(2027,1,1)),IF(AND(MONTH(R21)=1,YEAR(R21)=2027),IF(AND(MONTH(S21)=1,YEAR(S21)=2027),"●","▶"),IF(AND(MONTH(S21)=1,YEAR(S21)=2027),"◀","─")),"") | M21: =IF(AND(R21<=DATE(2027,2,1),S21>=DATE(2027,2,1)),IF(AND(MONTH(R21)=2,YEAR(R21)=2027),IF(AND(MONTH(S21)=2,YEAR(S21)=2027),"●","▶"),IF(AND(MONTH(S21)=2,YEAR(S21)=2027),"◀","─")),"") -> ─ | N21: =IF(AND(R21<=DATE(2027,3,1),S21>=DATE(2027,3,1)),IF(AND(MONTH(R21)=3,YEAR(R21)=2027),IF(AND(MONTH(S21)=3,YEAR(S21)=2027),"●","▶"),IF(AND(MONTH(S21)=3,YEAR(S21)=2027),"◀","─")),"") -> ◀ | O21: =IF(AND(R21<=DATE(2027,4,1),S21>=DATE(2027,4,1)),IF(AND(MONTH(R21)=4,YEAR(R21)=2027),IF(AND(MONTH(S21)=4,YEAR(S21)=2027),"●","▶"),IF(AND(MONTH(S21)=4,YEAR(S21)=2027),"◀","─")),"") | P21: =IF(AND(R21<=DATE(2027,5,1),S21>=DATE(2027,5,1)),IF(AND(MONTH(R21)=5,YEAR(R21)=2027),IF(AND(MONTH(S21)=5,YEAR(S21)=2027),"●","▶"),IF(AND(MONTH(S21)=5,YEAR(S21)=2027),"◀","─")),"") | Q21: =IF(AND(R21<=DATE(2027,6,1),S21>=DATE(2027,6,1)),IF(AND(MONTH(R21)=6,YEAR(R21)=2027),IF(AND(MONTH(S21)=6,YEAR(S21)=2027),"●","▶"),IF(AND(MONTH(S21)=6,YEAR(S21)=2027),"◀","─")),"") | R21: =EDATE($C$2,-3) -> 46404 | S21: =EDATE($C$2,-1) -> 46463 | T21: 1
B22: 購買結婚對戒 | C22: 男 | D22: =IF(AND(R22<=DATE(2026,5,1),S22>=DATE(2026,5,1)),IF(AND(MONTH(R22)=5,YEAR(R22)=2026),IF(AND(MONTH(S22)=5,YEAR(S22)=2026),"●","▶"),IF(AND(MONTH(S22)=5,YEAR(S22)=2026),"◀","─")),"") | E22: =IF(AND(R22<=DATE(2026,6,1),S22>=DATE(2026,6,1)),IF(AND(MONTH(R22)=6,YEAR(R22)=2026),IF(AND(MONTH(S22)=6,YEAR(S22)=2026),"●","▶"),IF(AND(MONTH(S22)=6,YEAR(S22)=2026),"◀","─")),"") | F22: =IF(AND(R22<=DATE(2026,7,1),S22>=DATE(2026,7,1)),IF(AND(MONTH(R22)=7,YEAR(R22)=2026),IF(AND(MONTH(S22)=7,YEAR(S22)=2026),"●","▶"),IF(AND(MONTH(S22)=7,YEAR(S22)=2026),"◀","─")),"") | G22: =IF(AND(R22<=DATE(2026,8,1),S22>=DATE(2026,8,1)),IF(AND(MONTH(R22)=8,YEAR(R22)=2026),IF(AND(MONTH(S22)=8,YEAR(S22)=2026),"●","▶"),IF(AND(MONTH(S22)=8,YEAR(S22)=2026),"◀","─")),"") | H22: =IF(AND(R22<=DATE(2026,9,1),S22>=DATE(2026,9,1)),IF(AND(MONTH(R22)=9,YEAR(R22)=2026),IF(AND(MONTH(S22)=9,YEAR(S22)=2026),"●","▶"),IF(AND(MONTH(S22)=9,YEAR(S22)=2026),"◀","─")),"") | I22: =IF(AND(R22<=DATE(2026,10,1),S22>=DATE(2026,10,1)),IF(AND(MONTH(R22)=10,YEAR(R22)=2026),IF(AND(MONTH(S22)=10,YEAR(S22)=2026),"●","▶"),IF(AND(MONTH(S22)=10,YEAR(S22)=2026),"◀","─")),"") | J22: =IF(AND(R22<=DATE(2026,11,1),S22>=DATE(2026,11,1)),IF(AND(MONTH(R22)=11,YEAR(R22)=2026),IF(AND(MONTH(S22)=11,YEAR(S22)=2026),"●","▶"),IF(AND(MONTH(S22)=11,YEAR(S22)=2026),"◀","─")),"") | K22: =IF(AND(R22<=DATE(2026,12,1),S22>=DATE(2026,12,1)),IF(AND(MONTH(R22)=12,YEAR(R22)=2026),IF(AND(MONTH(S22)=12,YEAR(S22)=2026),"●","▶"),IF(AND(MONTH(S22)=12,YEAR(S22)=2026),"◀","─")),"") -> ─ | L22: =IF(AND(R22<=DATE(2027,1,1),S22>=DATE(2027,1,1)),IF(AND(MONTH(R22)=1,YEAR(R22)=2027),IF(AND(MONTH(S22)=1,YEAR(S22)=2027),"●","▶"),IF(AND(MONTH(S22)=1,YEAR(S22)=2027),"◀","─")),"") -> ─ | M22: =IF(AND(R22<=DATE(2027,2,1),S22>=DATE(2027,2,1)),IF(AND(MONTH(R22)=2,YEAR(R22)=2027),IF(AND(MONTH(S22)=2,YEAR(S22)=2027),"●","▶"),IF(AND(MONTH(S22)=2,YEAR(S22)=2027),"◀","─")),"") -> ◀ | N22: =IF(AND(R22<=DATE(2027,3,1),S22>=DATE(2027,3,1)),IF(AND(MONTH(R22)=3,YEAR(R22)=2027),IF(AND(MONTH(S22)=3,YEAR(S22)=2027),"●","▶"),IF(AND(MONTH(S22)=3,YEAR(S22)=2027),"◀","─")),"") | O22: =IF(AND(R22<=DATE(2027,4,1),S22>=DATE(2027,4,1)),IF(AND(MONTH(R22)=4,YEAR(R22)=2027),IF(AND(MONTH(S22)=4,YEAR(S22)=2027),"●","▶"),IF(AND(MONTH(S22)=4,YEAR(S22)=2027),"◀","─")),"") | P22: =IF(AND(R22<=DATE(2027,5,1),S22>=DATE(2027,5,1)),IF(AND(MONTH(R22)=5,YEAR(R22)=2027),IF(AND(MONTH(S22)=5,YEAR(S22)=2027),"●","▶"),IF(AND(MONTH(S22)=5,YEAR(S22)=2027),"◀","─")),"") | Q22: =IF(AND(R22<=DATE(2027,6,1),S22>=DATE(2027,6,1)),IF(AND(MONTH(R22)=6,YEAR(R22)=2027),IF(AND(MONTH(S22)=6,YEAR(S22)=2027),"●","▶"),IF(AND(MONTH(S22)=6,YEAR(S22)=2027),"◀","─")),"") | R22: =EDATE($C$2,-5) -> 46343 | S22: =EDATE($C$2,-2) -> 46435 | T22: 1
B23: 準備西裝/禮服 | C23: 男 | D23: =IF(AND(R23<=DATE(2026,5,1),S23>=DATE(2026,5,1)),IF(AND(MONTH(R23)=5,YEAR(R23)=2026),IF(AND(MONTH(S23)=5,YEAR(S23)=2026),"●","▶"),IF(AND(MONTH(S23)=5,YEAR(S23)=2026),"◀","─")),"") | E23: =IF(AND(R23<=DATE(2026,6,1),S23>=DATE(2026,6,1)),IF(AND(MONTH(R23)=6,YEAR(R23)=2026),IF(AND(MONTH(S23)=6,YEAR(S23)=2026),"●","▶"),IF(AND(MONTH(S23)=6,YEAR(S23)=2026),"◀","─")),"") | F23: =IF(AND(R23<=DATE(2026,7,1),S23>=DATE(2026,7,1)),IF(AND(MONTH(R23)=7,YEAR(R23)=2026),IF(AND(MONTH(S23)=7,YEAR(S23)=2026),"●","▶"),IF(AND(MONTH(S23)=7,YEAR(S23)=2026),"◀","─")),"") | G23: =IF(AND(R23<=DATE(2026,8,1),S23>=DATE(2026,8,1)),IF(AND(MONTH(R23)=8,YEAR(R23)=2026),IF(AND(MONTH(S23)=8,YEAR(S23)=2026),"●","▶"),IF(AND(MONTH(S23)=8,YEAR(S23)=2026),"◀","─")),"") | H23: =IF(AND(R23<=DATE(2026,9,1),S23>=DATE(2026,9,1)),IF(AND(MONTH(R23)=9,YEAR(R23)=2026),IF(AND(MONTH(S23)=9,YEAR(S23)=2026),"●","▶"),IF(AND(MONTH(S23)=9,YEAR(S23)=2026),"◀","─")),"") | I23: =IF(AND(R23<=DATE(2026,10,1),S23>=DATE(2026,10,1)),IF(AND(MONTH(R23)=10,YEAR(R23)=2026),IF(AND(MONTH(S23)=10,YEAR(S23)=2026),"●","▶"),IF(AND(MONTH(S23)=10,YEAR(S23)=2026),"◀","─")),"") | J23: =IF(AND(R23<=DATE(2026,11,1),S23>=DATE(2026,11,1)),IF(AND(MONTH(R23)=11,YEAR(R23)=2026),IF(AND(MONTH(S23)=11,YEAR(S23)=2026),"●","▶"),IF(AND(MONTH(S23)=11,YEAR(S23)=2026),"◀","─")),"") | K23: =IF(AND(R23<=DATE(2026,12,1),S23>=DATE(2026,12,1)),IF(AND(MONTH(R23)=12,YEAR(R23)=2026),IF(AND(MONTH(S23)=12,YEAR(S23)=2026),"●","▶"),IF(AND(MONTH(S23)=12,YEAR(S23)=2026),"◀","─")),"") | L23: =IF(AND(R23<=DATE(2027,1,1),S23>=DATE(2027,1,1)),IF(AND(MONTH(R23)=1,YEAR(R23)=2027),IF(AND(MONTH(S23)=1,YEAR(S23)=2027),"●","▶"),IF(AND(MONTH(S23)=1,YEAR(S23)=2027),"◀","─")),"") | M23: =IF(AND(R23<=DATE(2027,2,1),S23>=DATE(2027,2,1)),IF(AND(MONTH(R23)=2,YEAR(R23)=2027),IF(AND(MONTH(S23)=2,YEAR(S23)=2027),"●","▶"),IF(AND(MONTH(S23)=2,YEAR(S23)=2027),"◀","─")),"") | N23: =IF(AND(R23<=DATE(2027,3,1),S23>=DATE(2027,3,1)),IF(AND(MONTH(R23)=3,YEAR(R23)=2027),IF(AND(MONTH(S23)=3,YEAR(S23)=2027),"●","▶"),IF(AND(MONTH(S23)=3,YEAR(S23)=2027),"◀","─")),"") -> ◀ | O23: =IF(AND(R23<=DATE(2027,4,1),S23>=DATE(2027,4,1)),IF(AND(MONTH(R23)=4,YEAR(R23)=2027),IF(AND(MONTH(S23)=4,YEAR(S23)=2027),"●","▶"),IF(AND(MONTH(S23)=4,YEAR(S23)=2027),"◀","─")),"") | P23: =IF(AND(R23<=DATE(2027,5,1),S23>=DATE(2027,5,1)),IF(AND(MONTH(R23)=5,YEAR(R23)=2027),IF(AND(MONTH(S23)=5,YEAR(S23)=2027),"●","▶"),IF(AND(MONTH(S23)=5,YEAR(S23)=2027),"◀","─")),"") | Q23: =IF(AND(R23<=DATE(2027,6,1),S23>=DATE(2027,6,1)),IF(AND(MONTH(R23)=6,YEAR(R23)=2027),IF(AND(MONTH(S23)=6,YEAR(S23)=2027),"●","▶"),IF(AND(MONTH(S23)=6,YEAR(S23)=2027),"◀","─")),"") | R23: =EDATE($C$2,-2) -> 46435 | S23: =EDATE($C$2,-1) -> 46463 | T23: 1
B24: 婚房布置規劃 | C24: 男 | D24: =IF(AND(R24<=DATE(2026,5,1),S24>=DATE(2026,5,1)),IF(AND(MONTH(R24)=5,YEAR(R24)=2026),IF(AND(MONTH(S24)=5,YEAR(S24)=2026),"●","▶"),IF(AND(MONTH(S24)=5,YEAR(S24)=2026),"◀","─")),"") | E24: =IF(AND(R24<=DATE(2026,6,1),S24>=DATE(2026,6,1)),IF(AND(MONTH(R24)=6,YEAR(R24)=2026),IF(AND(MONTH(S24)=6,YEAR(S24)=2026),"●","▶"),IF(AND(MONTH(S24)=6,YEAR(S24)=2026),"◀","─")),"") | F24: =IF(AND(R24<=DATE(2026,7,1),S24>=DATE(2026,7,1)),IF(AND(MONTH(R24)=7,YEAR(R24)=2026),IF(AND(MONTH(S24)=7,YEAR(S24)=2026),"●","▶"),IF(AND(MONTH(S24)=7,YEAR(S24)=2026),"◀","─")),"") | G24: =IF(AND(R24<=DATE(2026,8,1),S24>=DATE(2026,8,1)),IF(AND(MONTH(R24)=8,YEAR(R24)=2026),IF(AND(MONTH(S24)=8,YEAR(S24)=2026),"●","▶"),IF(AND(MONTH(S24)=8,YEAR(S24)=2026),"◀","─")),"") | H24: =IF(AND(R24<=DATE(2026,9,1),S24>=DATE(2026,9,1)),IF(AND(MONTH(R24)=9,YEAR(R24)=2026),IF(AND(MONTH(S24)=9,YEAR(S24)=2026),"●","▶"),IF(AND(MONTH(S24)=9,YEAR(S24)=2026),"◀","─")),"") | I24: =IF(AND(R24<=DATE(2026,10,1),S24>=DATE(2026,10,1)),IF(AND(MONTH(R24)=10,YEAR(R24)=2026),IF(AND(MONTH(S24)=10,YEAR(S24)=2026),"●","▶"),IF(AND(MONTH(S24)=10,YEAR(S24)=2026),"◀","─")),"") | J24: =IF(AND(R24<=DATE(2026,11,1),S24>=DATE(2026,11,1)),IF(AND(MONTH(R24)=11,YEAR(R24)=2026),IF(AND(MONTH(S24)=11,YEAR(S24)=2026),"●","▶"),IF(AND(MONTH(S24)=11,YEAR(S24)=2026),"◀","─")),"") | K24: =IF(AND(R24<=DATE(2026,12,1),S24>=DATE(2026,12,1)),IF(AND(MONTH(R24)=12,YEAR(R24)=2026),IF(AND(MONTH(S24)=12,YEAR(S24)=2026),"●","▶"),IF(AND(MONTH(S24)=12,YEAR(S24)=2026),"◀","─")),"") | L24: =IF(AND(R24<=DATE(2027,1,1),S24>=DATE(2027,1,1)),IF(AND(MONTH(R24)=1,YEAR(R24)=2027),IF(AND(MONTH(S24)=1,YEAR(S24)=2027),"●","▶"),IF(AND(MONTH(S24)=1,YEAR(S24)=2027),"◀","─")),"") | M24: =IF(AND(R24<=DATE(2027,2,1),S24>=DATE(2027,2,1)),IF(AND(MONTH(R24)=2,YEAR(R24)=2027),IF(AND(MONTH(S24)=2,YEAR(S24)=2027),"●","▶"),IF(AND(MONTH(S24)=2,YEAR(S24)=2027),"◀","─")),"") -> ─ | N24: =IF(AND(R24<=DATE(2027,3,1),S24>=DATE(2027,3,1)),IF(AND(MONTH(R24)=3,YEAR(R24)=2027),IF(AND(MONTH(S24)=3,YEAR(S24)=2027),"●","▶"),IF(AND(MONTH(S24)=3,YEAR(S24)=2027),"◀","─")),"") -> ◀ | O24: =IF(AND(R24<=DATE(2027,4,1),S24>=DATE(2027,4,1)),IF(AND(MONTH(R24)=4,YEAR(R24)=2027),IF(AND(MONTH(S24)=4,YEAR(S24)=2027),"●","▶"),IF(AND(MONTH(S24)=4,YEAR(S24)=2027),"◀","─")),"") | P24: =IF(AND(R24<=DATE(2027,5,1),S24>=DATE(2027,5,1)),IF(AND(MONTH(R24)=5,YEAR(R24)=2027),IF(AND(MONTH(S24)=5,YEAR(S24)=2027),"●","▶"),IF(AND(MONTH(S24)=5,YEAR(S24)=2027),"◀","─")),"") | Q24: =IF(AND(R24<=DATE(2027,6,1),S24>=DATE(2027,6,1)),IF(AND(MONTH(R24)=6,YEAR(R24)=2027),IF(AND(MONTH(S24)=6,YEAR(S24)=2027),"●","▶"),IF(AND(MONTH(S24)=6,YEAR(S24)=2027),"◀","─")),"") | R24: =EDATE($C$2,-3) -> 46404 | S24: =EDATE($C$2,-1) -> 46463 | T24: 1
B25: 安排迎娶車隊 | C25: 男 | D25: =IF(AND(R25<=DATE(2026,5,1),S25>=DATE(2026,5,1)),IF(AND(MONTH(R25)=5,YEAR(R25)=2026),IF(AND(MONTH(S25)=5,YEAR(S25)=2026),"●","▶"),IF(AND(MONTH(S25)=5,YEAR(S25)=2026),"◀","─")),"") | E25: =IF(AND(R25<=DATE(2026,6,1),S25>=DATE(2026,6,1)),IF(AND(MONTH(R25)=6,YEAR(R25)=2026),IF(AND(MONTH(S25)=6,YEAR(S25)=2026),"●","▶"),IF(AND(MONTH(S25)=6,YEAR(S25)=2026),"◀","─")),"") | F25: =IF(AND(R25<=DATE(2026,7,1),S25>=DATE(2026,7,1)),IF(AND(MONTH(R25)=7,YEAR(R25)=2026),IF(AND(MONTH(S25)=7,YEAR(S25)=2026),"●","▶"),IF(AND(MONTH(S25)=7,YEAR(S25)=2026),"◀","─")),"") | G25: =IF(AND(R25<=DATE(2026,8,1),S25>=DATE(2026,8,1)),IF(AND(MONTH(R25)=8,YEAR(R25)=2026),IF(AND(MONTH(S25)=8,YEAR(S25)=2026),"●","▶"),IF(AND(MONTH(S25)=8,YEAR(S25)=2026),"◀","─")),"") | H25: =IF(AND(R25<=DATE(2026,9,1),S25>=DATE(2026,9,1)),IF(AND(MONTH(R25)=9,YEAR(R25)=2026),IF(AND(MONTH(S25)=9,YEAR(S25)=2026),"●","▶"),IF(AND(MONTH(S25)=9,YEAR(S25)=2026),"◀","─")),"") | I25: =IF(AND(R25<=DATE(2026,10,1),S25>=DATE(2026,10,1)),IF(AND(MONTH(R25)=10,YEAR(R25)=2026),IF(AND(MONTH(S25)=10,YEAR(S25)=2026),"●","▶"),IF(AND(MONTH(S25)=10,YEAR(S25)=2026),"◀","─")),"") | J25: =IF(AND(R25<=DATE(2026,11,1),S25>=DATE(2026,11,1)),IF(AND(MONTH(R25)=11,YEAR(R25)=2026),IF(AND(MONTH(S25)=11,YEAR(S25)=2026),"●","▶"),IF(AND(MONTH(S25)=11,YEAR(S25)=2026),"◀","─")),"") | K25: =IF(AND(R25<=DATE(2026,12,1),S25>=DATE(2026,12,1)),IF(AND(MONTH(R25)=12,YEAR(R25)=2026),IF(AND(MONTH(S25)=12,YEAR(S25)=2026),"●","▶"),IF(AND(MONTH(S25)=12,YEAR(S25)=2026),"◀","─")),"") | L25: =IF(AND(R25<=DATE(2027,1,1),S25>=DATE(2027,1,1)),IF(AND(MONTH(R25)=1,YEAR(R25)=2027),IF(AND(MONTH(S25)=1,YEAR(S25)=2027),"●","▶"),IF(AND(MONTH(S25)=1,YEAR(S25)=2027),"◀","─")),"") | M25: =IF(AND(R25<=DATE(2027,2,1),S25>=DATE(2027,2,1)),IF(AND(MONTH(R25)=2,YEAR(R25)=2027),IF(AND(MONTH(S25)=2,YEAR(S25)=2027),"●","▶"),IF(AND(MONTH(S25)=2,YEAR(S25)=2027),"◀","─")),"") | N25: =IF(AND(R25<=DATE(2027,3,1),S25>=DATE(2027,3,1)),IF(AND(MONTH(R25)=3,YEAR(R25)=2027),IF(AND(MONTH(S25)=3,YEAR(S25)=2027),"●","▶"),IF(AND(MONTH(S25)=3,YEAR(S25)=2027),"◀","─")),"") -> ◀ | O25: =IF(AND(R25<=DATE(2027,4,1),S25>=DATE(2027,4,1)),IF(AND(MONTH(R25)=4,YEAR(R25)=2027),IF(AND(MONTH(S25)=4,YEAR(S25)=2027),"●","▶"),IF(AND(MONTH(S25)=4,YEAR(S25)=2027),"◀","─")),"") | P25: =IF(AND(R25<=DATE(2027,5,1),S25>=DATE(2027,5,1)),IF(AND(MONTH(R25)=5,YEAR(R25)=2027),IF(AND(MONTH(S25)=5,YEAR(S25)=2027),"●","▶"),IF(AND(MONTH(S25)=5,YEAR(S25)=2027),"◀","─")),"") | Q25: =IF(AND(R25<=DATE(2027,6,1),S25>=DATE(2027,6,1)),IF(AND(MONTH(R25)=6,YEAR(R25)=2027),IF(AND(MONTH(S25)=6,YEAR(S25)=2027),"●","▶"),IF(AND(MONTH(S25)=6,YEAR(S25)=2027),"◀","─")),"") | R25: =EDATE($C$2,-2) -> 46435 | S25: =EDATE($C$2,-1) -> 46463 | T25: 1
B26: 準備迎娶道具（捧花等） | C26: 男 | D26: =IF(AND(R26<=DATE(2026,5,1),S26>=DATE(2026,5,1)),IF(AND(MONTH(R26)=5,YEAR(R26)=2026),IF(AND(MONTH(S26)=5,YEAR(S26)=2026),"●","▶"),IF(AND(MONTH(S26)=5,YEAR(S26)=2026),"◀","─")),"") | E26: =IF(AND(R26<=DATE(2026,6,1),S26>=DATE(2026,6,1)),IF(AND(MONTH(R26)=6,YEAR(R26)=2026),IF(AND(MONTH(S26)=6,YEAR(S26)=2026),"●","▶"),IF(AND(MONTH(S26)=6,YEAR(S26)=2026),"◀","─")),"") | F26: =IF(AND(R26<=DATE(2026,7,1),S26>=DATE(2026,7,1)),IF(AND(MONTH(R26)=7,YEAR(R26)=2026),IF(AND(MONTH(S26)=7,YEAR(S26)=2026),"●","▶"),IF(AND(MONTH(S26)=7,YEAR(S26)=2026),"◀","─")),"") | G26: =IF(AND(R26<=DATE(2026,8,1),S26>=DATE(2026,8,1)),IF(AND(MONTH(R26)=8,YEAR(R26)=2026),IF(AND(MONTH(S26)=8,YEAR(S26)=2026),"●","▶"),IF(AND(MONTH(S26)=8,YEAR(S26)=2026),"◀","─")),"") | H26: =IF(AND(R26<=DATE(2026,9,1),S26>=DATE(2026,9,1)),IF(AND(MONTH(R26)=9,YEAR(R26)=2026),IF(AND(MONTH(S26)=9,YEAR(S26)=2026),"●","▶"),IF(AND(MONTH(S26)=9,YEAR(S26)=2026),"◀","─")),"") | I26: =IF(AND(R26<=DATE(2026,10,1),S26>=DATE(2026,10,1)),IF(AND(MONTH(R26)=10,YEAR(R26)=2026),IF(AND(MONTH(S26)=10,YEAR(S26)=2026),"●","▶"),IF(AND(MONTH(S26)=10,YEAR(S26)=2026),"◀","─")),"") | J26: =IF(AND(R26<=DATE(2026,11,1),S26>=DATE(2026,11,1)),IF(AND(MONTH(R26)=11,YEAR(R26)=2026),IF(AND(MONTH(S26)=11,YEAR(S26)=2026),"●","▶"),IF(AND(MONTH(S26)=11,YEAR(S26)=2026),"◀","─")),"") | K26: =IF(AND(R26<=DATE(2026,12,1),S26>=DATE(2026,12,1)),IF(AND(MONTH(R26)=12,YEAR(R26)=2026),IF(AND(MONTH(S26)=12,YEAR(S26)=2026),"●","▶"),IF(AND(MONTH(S26)=12,YEAR(S26)=2026),"◀","─")),"") | L26: =IF(AND(R26<=DATE(2027,1,1),S26>=DATE(2027,1,1)),IF(AND(MONTH(R26)=1,YEAR(R26)=2027),IF(AND(MONTH(S26)=1,YEAR(S26)=2027),"●","▶"),IF(AND(MONTH(S26)=1,YEAR(S26)=2027),"◀","─")),"") | M26: =IF(AND(R26<=DATE(2027,2,1),S26>=DATE(2027,2,1)),IF(AND(MONTH(R26)=2,YEAR(R26)=2027),IF(AND(MONTH(S26)=2,YEAR(S26)=2027),"●","▶"),IF(AND(MONTH(S26)=2,YEAR(S26)=2027),"◀","─")),"") | N26: =IF(AND(R26<=DATE(2027,3,1),S26>=DATE(2027,3,1)),IF(AND(MONTH(R26)=3,YEAR(R26)=2027),IF(AND(MONTH(S26)=3,YEAR(S26)=2027),"●","▶"),IF(AND(MONTH(S26)=3,YEAR(S26)=2027),"◀","─")),"") | O26: =IF(AND(R26<=DATE(2027,4,1),S26>=DATE(2027,4,1)),IF(AND(MONTH(R26)=4,YEAR(R26)=2027),IF(AND(MONTH(S26)=4,YEAR(S26)=2027),"●","▶"),IF(AND(MONTH(S26)=4,YEAR(S26)=2027),"◀","─")),"") -> ◀ | P26: =IF(AND(R26<=DATE(2027,5,1),S26>=DATE(2027,5,1)),IF(AND(MONTH(R26)=5,YEAR(R26)=2027),IF(AND(MONTH(S26)=5,YEAR(S26)=2027),"●","▶"),IF(AND(MONTH(S26)=5,YEAR(S26)=2027),"◀","─")),"") | Q26: =IF(AND(R26<=DATE(2027,6,1),S26>=DATE(2027,6,1)),IF(AND(MONTH(R26)=6,YEAR(R26)=2027),IF(AND(MONTH(S26)=6,YEAR(S26)=2027),"●","▶"),IF(AND(MONTH(S26)=6,YEAR(S26)=2027),"◀","─")),"") | R26: =EDATE($C$2,-1) -> 46463 | S26: =EDATE($C$2,0) -> 46494 | T26: 1
A27: 女方準備 | B27: 挑選婚紗及試穿 | C27: 女 | D27: =IF(AND(R27<=DATE(2026,5,1),S27>=DATE(2026,5,1)),IF(AND(MONTH(R27)=5,YEAR(R27)=2026),IF(AND(MONTH(S27)=5,YEAR(S27)=2026),"●","▶"),IF(AND(MONTH(S27)=5,YEAR(S27)=2026),"◀","─")),"") | E27: =IF(AND(R27<=DATE(2026,6,1),S27>=DATE(2026,6,1)),IF(AND(MONTH(R27)=6,YEAR(R27)=2026),IF(AND(MONTH(S27)=6,YEAR(S27)=2026),"●","▶"),IF(AND(MONTH(S27)=6,YEAR(S27)=2026),"◀","─")),"") | F27: =IF(AND(R27<=DATE(2026,7,1),S27>=DATE(2026,7,1)),IF(AND(MONTH(R27)=7,YEAR(R27)=2026),IF(AND(MONTH(S27)=7,YEAR(S27)=2026),"●","▶"),IF(AND(MONTH(S27)=7,YEAR(S27)=2026),"◀","─")),"") | G27: =IF(AND(R27<=DATE(2026,8,1),S27>=DATE(2026,8,1)),IF(AND(MONTH(R27)=8,YEAR(R27)=2026),IF(AND(MONTH(S27)=8,YEAR(S27)=2026),"●","▶"),IF(AND(MONTH(S27)=8,YEAR(S27)=2026),"◀","─")),"") | H27: =IF(AND(R27<=DATE(2026,9,1),S27>=DATE(2026,9,1)),IF(AND(MONTH(R27)=9,YEAR(R27)=2026),IF(AND(MONTH(S27)=9,YEAR(S27)=2026),"●","▶"),IF(AND(MONTH(S27)=9,YEAR(S27)=2026),"◀","─")),"") | I27: =IF(AND(R27<=DATE(2026,10,1),S27>=DATE(2026,10,1)),IF(AND(MONTH(R27)=10,YEAR(R27)=2026),IF(AND(MONTH(S27)=10,YEAR(S27)=2026),"●","▶"),IF(AND(MONTH(S27)=10,YEAR(S27)=2026),"◀","─")),"") | J27: =IF(AND(R27<=DATE(2026,11,1),S27>=DATE(2026,11,1)),IF(AND(MONTH(R27)=11,YEAR(R27)=2026),IF(AND(MONTH(S27)=11,YEAR(S27)=2026),"●","▶"),IF(AND(MONTH(S27)=11,YEAR(S27)=2026),"◀","─")),"") | K27: =IF(AND(R27<=DATE(2026,12,1),S27>=DATE(2026,12,1)),IF(AND(MONTH(R27)=12,YEAR(R27)=2026),IF(AND(MONTH(S27)=12,YEAR(S27)=2026),"●","▶"),IF(AND(MONTH(S27)=12,YEAR(S27)=2026),"◀","─")),"") -> ─ | L27: =IF(AND(R27<=DATE(2027,1,1),S27>=DATE(2027,1,1)),IF(AND(MONTH(R27)=1,YEAR(R27)=2027),IF(AND(MONTH(S27)=1,YEAR(S27)=2027),"●","▶"),IF(AND(MONTH(S27)=1,YEAR(S27)=2027),"◀","─")),"") -> ◀ | M27: =IF(AND(R27<=DATE(2027,2,1),S27>=DATE(2027,2,1)),IF(AND(MONTH(R27)=2,YEAR(R27)=2027),IF(AND(MONTH(S27)=2,YEAR(S27)=2027),"●","▶"),IF(AND(MONTH(S27)=2,YEAR(S27)=2027),"◀","─")),"") | N27: =IF(AND(R27<=DATE(2027,3,1),S27>=DATE(2027,3,1)),IF(AND(MONTH(R27)=3,YEAR(R27)=2027),IF(AND(MONTH(S27)=3,YEAR(S27)=2027),"●","▶"),IF(AND(MONTH(S27)=3,YEAR(S27)=2027),"◀","─")),"") | O27: =IF(AND(R27<=DATE(2027,4,1),S27>=DATE(2027,4,1)),IF(AND(MONTH(R27)=4,YEAR(R27)=2027),IF(AND(MONTH(S27)=4,YEAR(S27)=2027),"●","▶"),IF(AND(MONTH(S27)=4,YEAR(S27)=2027),"◀","─")),"") | P27: =IF(AND(R27<=DATE(2027,5,1),S27>=DATE(2027,5,1)),IF(AND(MONTH(R27)=5,YEAR(R27)=2027),IF(AND(MONTH(S27)=5,YEAR(S27)=2027),"●","▶"),IF(AND(MONTH(S27)=5,YEAR(S27)=2027),"◀","─")),"") | Q27: =IF(AND(R27<=DATE(2027,6,1),S27>=DATE(2027,6,1)),IF(AND(MONTH(R27)=6,YEAR(R27)=2027),IF(AND(MONTH(S27)=6,YEAR(S27)=2027),"●","▶"),IF(AND(MONTH(S27)=6,YEAR(S27)=2027),"◀","─")),"") | R27: =EDATE($C$2,-5) -> 46343 | S27: =EDATE($C$2,-3) -> 46404 | T27: 2
B28: 準備嫁妝（棉被、臉盆等） | C28: 女 | D28: =IF(AND(R28<=DATE(2026,5,1),S28>=DATE(2026,5,1)),IF(AND(MONTH(R28)=5,YEAR(R28)=2026),IF(AND(MONTH(S28)=5,YEAR(S28)=2026),"●","▶"),IF(AND(MONTH(S28)=5,YEAR(S28)=2026),"◀","─")),"") | E28: =IF(AND(R28<=DATE(2026,6,1),S28>=DATE(2026,6,1)),IF(AND(MONTH(R28)=6,YEAR(R28)=2026),IF(AND(MONTH(S28)=6,YEAR(S28)=2026),"●","▶"),IF(AND(MONTH(S28)=6,YEAR(S28)=2026),"◀","─")),"") | F28: =IF(AND(R28<=DATE(2026,7,1),S28>=DATE(2026,7,1)),IF(AND(MONTH(R28)=7,YEAR(R28)=2026),IF(AND(MONTH(S28)=7,YEAR(S28)=2026),"●","▶"),IF(AND(MONTH(S28)=7,YEAR(S28)=2026),"◀","─")),"") | G28: =IF(AND(R28<=DATE(2026,8,1),S28>=DATE(2026,8,1)),IF(AND(MONTH(R28)=8,YEAR(R28)=2026),IF(AND(MONTH(S28)=8,YEAR(S28)=2026),"●","▶"),IF(AND(MONTH(S28)=8,YEAR(S28)=2026),"◀","─")),"") | H28: =IF(AND(R28<=DATE(2026,9,1),S28>=DATE(2026,9,1)),IF(AND(MONTH(R28)=9,YEAR(R28)=2026),IF(AND(MONTH(S28)=9,YEAR(S28)=2026),"●","▶"),IF(AND(MONTH(S28)=9,YEAR(S28)=2026),"◀","─")),"") | I28: =IF(AND(R28<=DATE(2026,10,1),S28>=DATE(2026,10,1)),IF(AND(MONTH(R28)=10,YEAR(R28)=2026),IF(AND(MONTH(S28)=10,YEAR(S28)=2026),"●","▶"),IF(AND(MONTH(S28)=10,YEAR(S28)=2026),"◀","─")),"") | J28: =IF(AND(R28<=DATE(2026,11,1),S28>=DATE(2026,11,1)),IF(AND(MONTH(R28)=11,YEAR(R28)=2026),IF(AND(MONTH(S28)=11,YEAR(S28)=2026),"●","▶"),IF(AND(MONTH(S28)=11,YEAR(S28)=2026),"◀","─")),"") | K28: =IF(AND(R28<=DATE(2026,12,1),S28>=DATE(2026,12,1)),IF(AND(MONTH(R28)=12,YEAR(R28)=2026),IF(AND(MONTH(S28)=12,YEAR(S28)=2026),"●","▶"),IF(AND(MONTH(S28)=12,YEAR(S28)=2026),"◀","─")),"") | L28: =IF(AND(R28<=DATE(2027,1,1),S28>=DATE(2027,1,1)),IF(AND(MONTH(R28)=1,YEAR(R28)=2027),IF(AND(MONTH(S28)=1,YEAR(S28)=2027),"●","▶"),IF(AND(MONTH(S28)=1,YEAR(S28)=2027),"◀","─")),"") | M28: =IF(AND(R28<=DATE(2027,2,1),S28>=DATE(2027,2,1)),IF(AND(MONTH(R28)=2,YEAR(R28)=2027),IF(AND(MONTH(S28)=2,YEAR(S28)=2027),"●","▶"),IF(AND(MONTH(S28)=2,YEAR(S28)=2027),"◀","─")),"") -> ─ | N28: =IF(AND(R28<=DATE(2027,3,1),S28>=DATE(2027,3,1)),IF(AND(MONTH(R28)=3,YEAR(R28)=2027),IF(AND(MONTH(S28)=3,YEAR(S28)=2027),"●","▶"),IF(AND(MONTH(S28)=3,YEAR(S28)=2027),"◀","─")),"") -> ◀ | O28: =IF(AND(R28<=DATE(2027,4,1),S28>=DATE(2027,4,1)),IF(AND(MONTH(R28)=4,YEAR(R28)=2027),IF(AND(MONTH(S28)=4,YEAR(S28)=2027),"●","▶"),IF(AND(MONTH(S28)=4,YEAR(S28)=2027),"◀","─")),"") | P28: =IF(AND(R28<=DATE(2027,5,1),S28>=DATE(2027,5,1)),IF(AND(MONTH(R28)=5,YEAR(R28)=2027),IF(AND(MONTH(S28)=5,YEAR(S28)=2027),"●","▶"),IF(AND(MONTH(S28)=5,YEAR(S28)=2027),"◀","─")),"") | Q28: =IF(AND(R28<=DATE(2027,6,1),S28>=DATE(2027,6,1)),IF(AND(MONTH(R28)=6,YEAR(R28)=2027),IF(AND(MONTH(S28)=6,YEAR(S28)=2027),"●","▶"),IF(AND(MONTH(S28)=6,YEAR(S28)=2027),"◀","─")),"") | R28: =EDATE($C$2,-3) -> 46404 | S28: =EDATE($C$2,-1) -> 46463 | T28: 2
B29: 新娘試妝 | C29: 女 | D29: =IF(AND(R29<=DATE(2026,5,1),S29>=DATE(2026,5,1)),IF(AND(MONTH(R29)=5,YEAR(R29)=2026),IF(AND(MONTH(S29)=5,YEAR(S29)=2026),"●","▶"),IF(AND(MONTH(S29)=5,YEAR(S29)=2026),"◀","─")),"") | E29: =IF(AND(R29<=DATE(2026,6,1),S29>=DATE(2026,6,1)),IF(AND(MONTH(R29)=6,YEAR(R29)=2026),IF(AND(MONTH(S29)=6,YEAR(S29)=2026),"●","▶"),IF(AND(MONTH(S29)=6,YEAR(S29)=2026),"◀","─")),"") | F29: =IF(AND(R29<=DATE(2026,7,1),S29>=DATE(2026,7,1)),IF(AND(MONTH(R29)=7,YEAR(R29)=2026),IF(AND(MONTH(S29)=7,YEAR(S29)=2026),"●","▶"),IF(AND(MONTH(S29)=7,YEAR(S29)=2026),"◀","─")),"") | G29: =IF(AND(R29<=DATE(2026,8,1),S29>=DATE(2026,8,1)),IF(AND(MONTH(R29)=8,YEAR(R29)=2026),IF(AND(MONTH(S29)=8,YEAR(S29)=2026),"●","▶"),IF(AND(MONTH(S29)=8,YEAR(S29)=2026),"◀","─")),"") | H29: =IF(AND(R29<=DATE(2026,9,1),S29>=DATE(2026,9,1)),IF(AND(MONTH(R29)=9,YEAR(R29)=2026),IF(AND(MONTH(S29)=9,YEAR(S29)=2026),"●","▶"),IF(AND(MONTH(S29)=9,YEAR(S29)=2026),"◀","─")),"") | I29: =IF(AND(R29<=DATE(2026,10,1),S29>=DATE(2026,10,1)),IF(AND(MONTH(R29)=10,YEAR(R29)=2026),IF(AND(MONTH(S29)=10,YEAR(S29)=2026),"●","▶"),IF(AND(MONTH(S29)=10,YEAR(S29)=2026),"◀","─")),"") | J29: =IF(AND(R29<=DATE(2026,11,1),S29>=DATE(2026,11,1)),IF(AND(MONTH(R29)=11,YEAR(R29)=2026),IF(AND(MONTH(S29)=11,YEAR(S29)=2026),"●","▶"),IF(AND(MONTH(S29)=11,YEAR(S29)=2026),"◀","─")),"") | K29: =IF(AND(R29<=DATE(2026,12,1),S29>=DATE(2026,12,1)),IF(AND(MONTH(R29)=12,YEAR(R29)=2026),IF(AND(MONTH(S29)=12,YEAR(S29)=2026),"●","▶"),IF(AND(MONTH(S29)=12,YEAR(S29)=2026),"◀","─")),"") | L29: =IF(AND(R29<=DATE(2027,1,1),S29>=DATE(2027,1,1)),IF(AND(MONTH(R29)=1,YEAR(R29)=2027),IF(AND(MONTH(S29)=1,YEAR(S29)=2027),"●","▶"),IF(AND(MONTH(S29)=1,YEAR(S29)=2027),"◀","─")),"") | M29: =IF(AND(R29<=DATE(2027,2,1),S29>=DATE(2027,2,1)),IF(AND(MONTH(R29)=2,YEAR(R29)=2027),IF(AND(MONTH(S29)=2,YEAR(S29)=2027),"●","▶"),IF(AND(MONTH(S29)=2,YEAR(S29)=2027),"◀","─")),"") | N29: =IF(AND(R29<=DATE(2027,3,1),S29>=DATE(2027,3,1)),IF(AND(MONTH(R29)=3,YEAR(R29)=2027),IF(AND(MONTH(S29)=3,YEAR(S29)=2027),"●","▶"),IF(AND(MONTH(S29)=3,YEAR(S29)=2027),"◀","─")),"") -> ◀ | O29: =IF(AND(R29<=DATE(2027,4,1),S29>=DATE(2027,4,1)),IF(AND(MONTH(R29)=4,YEAR(R29)=2027),IF(AND(MONTH(S29)=4,YEAR(S29)=2027),"●","▶"),IF(AND(MONTH(S29)=4,YEAR(S29)=2027),"◀","─")),"") | P29: =IF(AND(R29<=DATE(2027,5,1),S29>=DATE(2027,5,1)),IF(AND(MONTH(R29)=5,YEAR(R29)=2027),IF(AND(MONTH(S29)=5,YEAR(S29)=2027),"●","▶"),IF(AND(MONTH(S29)=5,YEAR(S29)=2027),"◀","─")),"") | Q29: =IF(AND(R29<=DATE(2027,6,1),S29>=DATE(2027,6,1)),IF(AND(MONTH(R29)=6,YEAR(R29)=2027),IF(AND(MONTH(S29)=6,YEAR(S29)=2027),"●","▶"),IF(AND(MONTH(S29)=6,YEAR(S29)=2027),"◀","─")),"") | R29: =EDATE($C$2,-2) -> 46435 | S29: =EDATE($C$2,-1) -> 46463 | T29: 2
B30: 出嫁儀式流程規劃 | C30: 女 | D30: =IF(AND(R30<=DATE(2026,5,1),S30>=DATE(2026,5,1)),IF(AND(MONTH(R30)=5,YEAR(R30)=2026),IF(AND(MONTH(S30)=5,YEAR(S30)=2026),"●","▶"),IF(AND(MONTH(S30)=5,YEAR(S30)=2026),"◀","─")),"") | E30: =IF(AND(R30<=DATE(2026,6,1),S30>=DATE(2026,6,1)),IF(AND(MONTH(R30)=6,YEAR(R30)=2026),IF(AND(MONTH(S30)=6,YEAR(S30)=2026),"●","▶"),IF(AND(MONTH(S30)=6,YEAR(S30)=2026),"◀","─")),"") | F30: =IF(AND(R30<=DATE(2026,7,1),S30>=DATE(2026,7,1)),IF(AND(MONTH(R30)=7,YEAR(R30)=2026),IF(AND(MONTH(S30)=7,YEAR(S30)=2026),"●","▶"),IF(AND(MONTH(S30)=7,YEAR(S30)=2026),"◀","─")),"") | G30: =IF(AND(R30<=DATE(2026,8,1),S30>=DATE(2026,8,1)),IF(AND(MONTH(R30)=8,YEAR(R30)=2026),IF(AND(MONTH(S30)=8,YEAR(S30)=2026),"●","▶"),IF(AND(MONTH(S30)=8,YEAR(S30)=2026),"◀","─")),"") | H30: =IF(AND(R30<=DATE(2026,9,1),S30>=DATE(2026,9,1)),IF(AND(MONTH(R30)=9,YEAR(R30)=2026),IF(AND(MONTH(S30)=9,YEAR(S30)=2026),"●","▶"),IF(AND(MONTH(S30)=9,YEAR(S30)=2026),"◀","─")),"") | I30: =IF(AND(R30<=DATE(2026,10,1),S30>=DATE(2026,10,1)),IF(AND(MONTH(R30)=10,YEAR(R30)=2026),IF(AND(MONTH(S30)=10,YEAR(S30)=2026),"●","▶"),IF(AND(MONTH(S30)=10,YEAR(S30)=2026),"◀","─")),"") | J30: =IF(AND(R30<=DATE(2026,11,1),S30>=DATE(2026,11,1)),IF(AND(MONTH(R30)=11,YEAR(R30)=2026),IF(AND(MONTH(S30)=11,YEAR(S30)=2026),"●","▶"),IF(AND(MONTH(S30)=11,YEAR(S30)=2026),"◀","─")),"") | K30: =IF(AND(R30<=DATE(2026,12,1),S30>=DATE(2026,12,1)),IF(AND(MONTH(R30)=12,YEAR(R30)=2026),IF(AND(MONTH(S30)=12,YEAR(S30)=2026),"●","▶"),IF(AND(MONTH(S30)=12,YEAR(S30)=2026),"◀","─")),"") | L30: =IF(AND(R30<=DATE(2027,1,1),S30>=DATE(2027,1,1)),IF(AND(MONTH(R30)=1,YEAR(R30)=2027),IF(AND(MONTH(S30)=1,YEAR(S30)=2027),"●","▶"),IF(AND(MONTH(S30)=1,YEAR(S30)=2027),"◀","─")),"") | M30: =IF(AND(R30<=DATE(2027,2,1),S30>=DATE(2027,2,1)),IF(AND(MONTH(R30)=2,YEAR(R30)=2027),IF(AND(MONTH(S30)=2,YEAR(S30)=2027),"●","▶"),IF(AND(MONTH(S30)=2,YEAR(S30)=2027),"◀","─")),"") | N30: =IF(AND(R30<=DATE(2027,3,1),S30>=DATE(2027,3,1)),IF(AND(MONTH(R30)=3,YEAR(R30)=2027),IF(AND(MONTH(S30)=3,YEAR(S30)=2027),"●","▶"),IF(AND(MONTH(S30)=3,YEAR(S30)=2027),"◀","─")),"") -> ◀ | O30: =IF(AND(R30<=DATE(2027,4,1),S30>=DATE(2027,4,1)),IF(AND(MONTH(R30)=4,YEAR(R30)=2027),IF(AND(MONTH(S30)=4,YEAR(S30)=2027),"●","▶"),IF(AND(MONTH(S30)=4,YEAR(S30)=2027),"◀","─")),"") | P30: =IF(AND(R30<=DATE(2027,5,1),S30>=DATE(2027,5,1)),IF(AND(MONTH(R30)=5,YEAR(R30)=2027),IF(AND(MONTH(S30)=5,YEAR(S30)=2027),"●","▶"),IF(AND(MONTH(S30)=5,YEAR(S30)=2027),"◀","─")),"") | Q30: =IF(AND(R30<=DATE(2027,6,1),S30>=DATE(2027,6,1)),IF(AND(MONTH(R30)=6,YEAR(R30)=2027),IF(AND(MONTH(S30)=6,YEAR(S30)=2027),"●","▶"),IF(AND(MONTH(S30)=6,YEAR(S30)=2027),"◀","─")),"") | R30: =EDATE($C$2,-2) -> 46435 | S30: =EDATE($C$2,-1) -> 46463 | T30: 2
A31: 拍攝製作 | B31: 拍攝婚紗照 | C31: 雙 | D31: =IF(AND(R31<=DATE(2026,5,1),S31>=DATE(2026,5,1)),IF(AND(MONTH(R31)=5,YEAR(R31)=2026),IF(AND(MONTH(S31)=5,YEAR(S31)=2026),"●","▶"),IF(AND(MONTH(S31)=5,YEAR(S31)=2026),"◀","─")),"") | E31: =IF(AND(R31<=DATE(2026,6,1),S31>=DATE(2026,6,1)),IF(AND(MONTH(R31)=6,YEAR(R31)=2026),IF(AND(MONTH(S31)=6,YEAR(S31)=2026),"●","▶"),IF(AND(MONTH(S31)=6,YEAR(S31)=2026),"◀","─")),"") | F31: =IF(AND(R31<=DATE(2026,7,1),S31>=DATE(2026,7,1)),IF(AND(MONTH(R31)=7,YEAR(R31)=2026),IF(AND(MONTH(S31)=7,YEAR(S31)=2026),"●","▶"),IF(AND(MONTH(S31)=7,YEAR(S31)=2026),"◀","─")),"") | G31: =IF(AND(R31<=DATE(2026,8,1),S31>=DATE(2026,8,1)),IF(AND(MONTH(R31)=8,YEAR(R31)=2026),IF(AND(MONTH(S31)=8,YEAR(S31)=2026),"●","▶"),IF(AND(MONTH(S31)=8,YEAR(S31)=2026),"◀","─")),"") | H31: =IF(AND(R31<=DATE(2026,9,1),S31>=DATE(2026,9,1)),IF(AND(MONTH(R31)=9,YEAR(R31)=2026),IF(AND(MONTH(S31)=9,YEAR(S31)=2026),"●","▶"),IF(AND(MONTH(S31)=9,YEAR(S31)=2026),"◀","─")),"") | I31: =IF(AND(R31<=DATE(2026,10,1),S31>=DATE(2026,10,1)),IF(AND(MONTH(R31)=10,YEAR(R31)=2026),IF(AND(MONTH(S31)=10,YEAR(S31)=2026),"●","▶"),IF(AND(MONTH(S31)=10,YEAR(S31)=2026),"◀","─")),"") | J31: =IF(AND(R31<=DATE(2026,11,1),S31>=DATE(2026,11,1)),IF(AND(MONTH(R31)=11,YEAR(R31)=2026),IF(AND(MONTH(S31)=11,YEAR(S31)=2026),"●","▶"),IF(AND(MONTH(S31)=11,YEAR(S31)=2026),"◀","─")),"") | K31: =IF(AND(R31<=DATE(2026,12,1),S31>=DATE(2026,12,1)),IF(AND(MONTH(R31)=12,YEAR(R31)=2026),IF(AND(MONTH(S31)=12,YEAR(S31)=2026),"●","▶"),IF(AND(MONTH(S31)=12,YEAR(S31)=2026),"◀","─")),"") | L31: =IF(AND(R31<=DATE(2027,1,1),S31>=DATE(2027,1,1)),IF(AND(MONTH(R31)=1,YEAR(R31)=2027),IF(AND(MONTH(S31)=1,YEAR(S31)=2027),"●","▶"),IF(AND(MONTH(S31)=1,YEAR(S31)=2027),"◀","─")),"") -> ─ | M31: =IF(AND(R31<=DATE(2027,2,1),S31>=DATE(2027,2,1)),IF(AND(MONTH(R31)=2,YEAR(R31)=2027),IF(AND(MONTH(S31)=2,YEAR(S31)=2027),"●","▶"),IF(AND(MONTH(S31)=2,YEAR(S31)=2027),"◀","─")),"") -> ◀ | N31: =IF(AND(R31<=DATE(2027,3,1),S31>=DATE(2027,3,1)),IF(AND(MONTH(R31)=3,YEAR(R31)=2027),IF(AND(MONTH(S31)=3,YEAR(S31)=2027),"●","▶"),IF(AND(MONTH(S31)=3,YEAR(S31)=2027),"◀","─")),"") | O31: =IF(AND(R31<=DATE(2027,4,1),S31>=DATE(2027,4,1)),IF(AND(MONTH(R31)=4,YEAR(R31)=2027),IF(AND(MONTH(S31)=4,YEAR(S31)=2027),"●","▶"),IF(AND(MONTH(S31)=4,YEAR(S31)=2027),"◀","─")),"") | P31: =IF(AND(R31<=DATE(2027,5,1),S31>=DATE(2027,5,1)),IF(AND(MONTH(R31)=5,YEAR(R31)=2027),IF(AND(MONTH(S31)=5,YEAR(S31)=2027),"●","▶"),IF(AND(MONTH(S31)=5,YEAR(S31)=2027),"◀","─")),"") | Q31: =IF(AND(R31<=DATE(2027,6,1),S31>=DATE(2027,6,1)),IF(AND(MONTH(R31)=6,YEAR(R31)=2027),IF(AND(MONTH(S31)=6,YEAR(S31)=2027),"●","▶"),IF(AND(MONTH(S31)=6,YEAR(S31)=2027),"◀","─")),"") | R31: =EDATE($C$2,-4) -> 46373 | S31: =EDATE($C$2,-2) -> 46435 | T31: 3
B32: 設計印製喜帖 | C32: 雙 | D32: =IF(AND(R32<=DATE(2026,5,1),S32>=DATE(2026,5,1)),IF(AND(MONTH(R32)=5,YEAR(R32)=2026),IF(AND(MONTH(S32)=5,YEAR(S32)=2026),"●","▶"),IF(AND(MONTH(S32)=5,YEAR(S32)=2026),"◀","─")),"") | E32: =IF(AND(R32<=DATE(2026,6,1),S32>=DATE(2026,6,1)),IF(AND(MONTH(R32)=6,YEAR(R32)=2026),IF(AND(MONTH(S32)=6,YEAR(S32)=2026),"●","▶"),IF(AND(MONTH(S32)=6,YEAR(S32)=2026),"◀","─")),"") | F32: =IF(AND(R32<=DATE(2026,7,1),S32>=DATE(2026,7,1)),IF(AND(MONTH(R32)=7,YEAR(R32)=2026),IF(AND(MONTH(S32)=7,YEAR(S32)=2026),"●","▶"),IF(AND(MONTH(S32)=7,YEAR(S32)=2026),"◀","─")),"") | G32: =IF(AND(R32<=DATE(2026,8,1),S32>=DATE(2026,8,1)),IF(AND(MONTH(R32)=8,YEAR(R32)=2026),IF(AND(MONTH(S32)=8,YEAR(S32)=2026),"●","▶"),IF(AND(MONTH(S32)=8,YEAR(S32)=2026),"◀","─")),"") | H32: =IF(AND(R32<=DATE(2026,9,1),S32>=DATE(2026,9,1)),IF(AND(MONTH(R32)=9,YEAR(R32)=2026),IF(AND(MONTH(S32)=9,YEAR(S32)=2026),"●","▶"),IF(AND(MONTH(S32)=9,YEAR(S32)=2026),"◀","─")),"") | I32: =IF(AND(R32<=DATE(2026,10,1),S32>=DATE(2026,10,1)),IF(AND(MONTH(R32)=10,YEAR(R32)=2026),IF(AND(MONTH(S32)=10,YEAR(S32)=2026),"●","▶"),IF(AND(MONTH(S32)=10,YEAR(S32)=2026),"◀","─")),"") | J32: =IF(AND(R32<=DATE(2026,11,1),S32>=DATE(2026,11,1)),IF(AND(MONTH(R32)=11,YEAR(R32)=2026),IF(AND(MONTH(S32)=11,YEAR(S32)=2026),"●","▶"),IF(AND(MONTH(S32)=11,YEAR(S32)=2026),"◀","─")),"") | K32: =IF(AND(R32<=DATE(2026,12,1),S32>=DATE(2026,12,1)),IF(AND(MONTH(R32)=12,YEAR(R32)=2026),IF(AND(MONTH(S32)=12,YEAR(S32)=2026),"●","▶"),IF(AND(MONTH(S32)=12,YEAR(S32)=2026),"◀","─")),"") | L32: =IF(AND(R32<=DATE(2027,1,1),S32>=DATE(2027,1,1)),IF(AND(MONTH(R32)=1,YEAR(R32)=2027),IF(AND(MONTH(S32)=1,YEAR(S32)=2027),"●","▶"),IF(AND(MONTH(S32)=1,YEAR(S32)=2027),"◀","─")),"") | M32: =IF(AND(R32<=DATE(2027,2,1),S32>=DATE(2027,2,1)),IF(AND(MONTH(R32)=2,YEAR(R32)=2027),IF(AND(MONTH(S32)=2,YEAR(S32)=2027),"●","▶"),IF(AND(MONTH(S32)=2,YEAR(S32)=2027),"◀","─")),"") -> ◀ | N32: =IF(AND(R32<=DATE(2027,3,1),S32>=DATE(2027,3,1)),IF(AND(MONTH(R32)=3,YEAR(R32)=2027),IF(AND(MONTH(S32)=3,YEAR(S32)=2027),"●","▶"),IF(AND(MONTH(S32)=3,YEAR(S32)=2027),"◀","─")),"") | O32: =IF(AND(R32<=DATE(2027,4,1),S32>=DATE(2027,4,1)),IF(AND(MONTH(R32)=4,YEAR(R32)=2027),IF(AND(MONTH(S32)=4,YEAR(S32)=2027),"●","▶"),IF(AND(MONTH(S32)=4,YEAR(S32)=2027),"◀","─")),"") | P32: =IF(AND(R32<=DATE(2027,5,1),S32>=DATE(2027,5,1)),IF(AND(MONTH(R32)=5,YEAR(R32)=2027),IF(AND(MONTH(S32)=5,YEAR(S32)=2027),"●","▶"),IF(AND(MONTH(S32)=5,YEAR(S32)=2027),"◀","─")),"") | Q32: =IF(AND(R32<=DATE(2027,6,1),S32>=DATE(2027,6,1)),IF(AND(MONTH(R32)=6,YEAR(R32)=2027),IF(AND(MONTH(S32)=6,YEAR(S32)=2027),"●","▶"),IF(AND(MONTH(S32)=6,YEAR(S32)=2027),"◀","─")),"") | R32: =EDATE($C$2,-3) -> 46404 | S32: =EDATE($C$2,-2) -> 46435 | T32: 3
B33: 寄送喜帖 | C33: 雙 | D33: =IF(AND(R33<=DATE(2026,5,1),S33>=DATE(2026,5,1)),IF(AND(MONTH(R33)=5,YEAR(R33)=2026),IF(AND(MONTH(S33)=5,YEAR(S33)=2026),"●","▶"),IF(AND(MONTH(S33)=5,YEAR(S33)=2026),"◀","─")),"") | E33: =IF(AND(R33<=DATE(2026,6,1),S33>=DATE(2026,6,1)),IF(AND(MONTH(R33)=6,YEAR(R33)=2026),IF(AND(MONTH(S33)=6,YEAR(S33)=2026),"●","▶"),IF(AND(MONTH(S33)=6,YEAR(S33)=2026),"◀","─")),"") | F33: =IF(AND(R33<=DATE(2026,7,1),S33>=DATE(2026,7,1)),IF(AND(MONTH(R33)=7,YEAR(R33)=2026),IF(AND(MONTH(S33)=7,YEAR(S33)=2026),"●","▶"),IF(AND(MONTH(S33)=7,YEAR(S33)=2026),"◀","─")),"") | G33: =IF(AND(R33<=DATE(2026,8,1),S33>=DATE(2026,8,1)),IF(AND(MONTH(R33)=8,YEAR(R33)=2026),IF(AND(MONTH(S33)=8,YEAR(S33)=2026),"●","▶"),IF(AND(MONTH(S33)=8,YEAR(S33)=2026),"◀","─")),"") | H33: =IF(AND(R33<=DATE(2026,9,1),S33>=DATE(2026,9,1)),IF(AND(MONTH(R33)=9,YEAR(R33)=2026),IF(AND(MONTH(S33)=9,YEAR(S33)=2026),"●","▶"),IF(AND(MONTH(S33)=9,YEAR(S33)=2026),"◀","─")),"") | I33: =IF(AND(R33<=DATE(2026,10,1),S33>=DATE(2026,10,1)),IF(AND(MONTH(R33)=10,YEAR(R33)=2026),IF(AND(MONTH(S33)=10,YEAR(S33)=2026),"●","▶"),IF(AND(MONTH(S33)=10,YEAR(S33)=2026),"◀","─")),"") | J33: =IF(AND(R33<=DATE(2026,11,1),S33>=DATE(2026,11,1)),IF(AND(MONTH(R33)=11,YEAR(R33)=2026),IF(AND(MONTH(S33)=11,YEAR(S33)=2026),"●","▶"),IF(AND(MONTH(S33)=11,YEAR(S33)=2026),"◀","─")),"") | K33: =IF(AND(R33<=DATE(2026,12,1),S33>=DATE(2026,12,1)),IF(AND(MONTH(R33)=12,YEAR(R33)=2026),IF(AND(MONTH(S33)=12,YEAR(S33)=2026),"●","▶"),IF(AND(MONTH(S33)=12,YEAR(S33)=2026),"◀","─")),"") | L33: =IF(AND(R33<=DATE(2027,1,1),S33>=DATE(2027,1,1)),IF(AND(MONTH(R33)=1,YEAR(R33)=2027),IF(AND(MONTH(S33)=1,YEAR(S33)=2027),"●","▶"),IF(AND(MONTH(S33)=1,YEAR(S33)=2027),"◀","─")),"") | M33: =IF(AND(R33<=DATE(2027,2,1),S33>=DATE(2027,2,1)),IF(AND(MONTH(R33)=2,YEAR(R33)=2027),IF(AND(MONTH(S33)=2,YEAR(S33)=2027),"●","▶"),IF(AND(MONTH(S33)=2,YEAR(S33)=2027),"◀","─")),"") | N33: =IF(AND(R33<=DATE(2027,3,1),S33>=DATE(2027,3,1)),IF(AND(MONTH(R33)=3,YEAR(R33)=2027),IF(AND(MONTH(S33)=3,YEAR(S33)=2027),"●","▶"),IF(AND(MONTH(S33)=3,YEAR(S33)=2027),"◀","─")),"") -> ◀ | O33: =IF(AND(R33<=DATE(2027,4,1),S33>=DATE(2027,4,1)),IF(AND(MONTH(R33)=4,YEAR(R33)=2027),IF(AND(MONTH(S33)=4,YEAR(S33)=2027),"●","▶"),IF(AND(MONTH(S33)=4,YEAR(S33)=2027),"◀","─")),"") | P33: =IF(AND(R33<=DATE(2027,5,1),S33>=DATE(2027,5,1)),IF(AND(MONTH(R33)=5,YEAR(R33)=2027),IF(AND(MONTH(S33)=5,YEAR(S33)=2027),"●","▶"),IF(AND(MONTH(S33)=5,YEAR(S33)=2027),"◀","─")),"") | Q33: =IF(AND(R33<=DATE(2027,6,1),S33>=DATE(2027,6,1)),IF(AND(MONTH(R33)=6,YEAR(R33)=2027),IF(AND(MONTH(S33)=6,YEAR(S33)=2027),"●","▶"),IF(AND(MONTH(S33)=6,YEAR(S33)=2027),"◀","─")),"") | R33: =EDATE($C$2,-2) -> 46435 | S33: =EDATE($C$2,-1) -> 46463 | T33: 3
B34: 製作婚禮投影MV | C34: 雙 | D34: =IF(AND(R34<=DATE(2026,5,1),S34>=DATE(2026,5,1)),IF(AND(MONTH(R34)=5,YEAR(R34)=2026),IF(AND(MONTH(S34)=5,YEAR(S34)=2026),"●","▶"),IF(AND(MONTH(S34)=5,YEAR(S34)=2026),"◀","─")),"") | E34: =IF(AND(R34<=DATE(2026,6,1),S34>=DATE(2026,6,1)),IF(AND(MONTH(R34)=6,YEAR(R34)=2026),IF(AND(MONTH(S34)=6,YEAR(S34)=2026),"●","▶"),IF(AND(MONTH(S34)=6,YEAR(S34)=2026),"◀","─")),"") | F34: =IF(AND(R34<=DATE(2026,7,1),S34>=DATE(2026,7,1)),IF(AND(MONTH(R34)=7,YEAR(R34)=2026),IF(AND(MONTH(S34)=7,YEAR(S34)=2026),"●","▶"),IF(AND(MONTH(S34)=7,YEAR(S34)=2026),"◀","─")),"") | G34: =IF(AND(R34<=DATE(2026,8,1),S34>=DATE(2026,8,1)),IF(AND(MONTH(R34)=8,YEAR(R34)=2026),IF(AND(MONTH(S34)=8,YEAR(S34)=2026),"●","▶"),IF(AND(MONTH(S34)=8,YEAR(S34)=2026),"◀","─")),"") | H34: =IF(AND(R34<=DATE(2026,9,1),S34>=DATE(2026,9,1)),IF(AND(MONTH(R34)=9,YEAR(R34)=2026),IF(AND(MONTH(S34)=9,YEAR(S34)=2026),"●","▶"),IF(AND(MONTH(S34)=9,YEAR(S34)=2026),"◀","─")),"") | I34: =IF(AND(R34<=DATE(2026,10,1),S34>=DATE(2026,10,1)),IF(AND(MONTH(R34)=10,YEAR(R34)=2026),IF(AND(MONTH(S34)=10,YEAR(S34)=2026),"●","▶"),IF(AND(MONTH(S34)=10,YEAR(S34)=2026),"◀","─")),"") | J34: =IF(AND(R34<=DATE(2026,11,1),S34>=DATE(2026,11,1)),IF(AND(MONTH(R34)=11,YEAR(R34)=2026),IF(AND(MONTH(S34)=11,YEAR(S34)=2026),"●","▶"),IF(AND(MONTH(S34)=11,YEAR(S34)=2026),"◀","─")),"") | K34: =IF(AND(R34<=DATE(2026,12,1),S34>=DATE(2026,12,1)),IF(AND(MONTH(R34)=12,YEAR(R34)=2026),IF(AND(MONTH(S34)=12,YEAR(S34)=2026),"●","▶"),IF(AND(MONTH(S34)=12,YEAR(S34)=2026),"◀","─")),"") | L34: =IF(AND(R34<=DATE(2027,1,1),S34>=DATE(2027,1,1)),IF(AND(MONTH(R34)=1,YEAR(R34)=2027),IF(AND(MONTH(S34)=1,YEAR(S34)=2027),"●","▶"),IF(AND(MONTH(S34)=1,YEAR(S34)=2027),"◀","─")),"") | M34: =IF(AND(R34<=DATE(2027,2,1),S34>=DATE(2027,2,1)),IF(AND(MONTH(R34)=2,YEAR(R34)=2027),IF(AND(MONTH(S34)=2,YEAR(S34)=2027),"●","▶"),IF(AND(MONTH(S34)=2,YEAR(S34)=2027),"◀","─")),"") | N34: =IF(AND(R34<=DATE(2027,3,1),S34>=DATE(2027,3,1)),IF(AND(MONTH(R34)=3,YEAR(R34)=2027),IF(AND(MONTH(S34)=3,YEAR(S34)=2027),"●","▶"),IF(AND(MONTH(S34)=3,YEAR(S34)=2027),"◀","─")),"") -> ◀ | O34: =IF(AND(R34<=DATE(2027,4,1),S34>=DATE(2027,4,1)),IF(AND(MONTH(R34)=4,YEAR(R34)=2027),IF(AND(MONTH(S34)=4,YEAR(S34)=2027),"●","▶"),IF(AND(MONTH(S34)=4,YEAR(S34)=2027),"◀","─")),"") | P34: =IF(AND(R34<=DATE(2027,5,1),S34>=DATE(2027,5,1)),IF(AND(MONTH(R34)=5,YEAR(R34)=2027),IF(AND(MONTH(S34)=5,YEAR(S34)=2027),"●","▶"),IF(AND(MONTH(S34)=5,YEAR(S34)=2027),"◀","─")),"") | Q34: =IF(AND(R34<=DATE(2027,6,1),S34>=DATE(2027,6,1)),IF(AND(MONTH(R34)=6,YEAR(R34)=2027),IF(AND(MONTH(S34)=6,YEAR(S34)=2027),"●","▶"),IF(AND(MONTH(S34)=6,YEAR(S34)=2027),"◀","─")),"") | R34: =EDATE($C$2,-2) -> 46435 | S34: =EDATE($C$2,-1) -> 46463 | T34: 3
A35: 婚禮用品 | B35: 確認菜單與桌數 | C35: 雙 | D35: =IF(AND(R35<=DATE(2026,5,1),S35>=DATE(2026,5,1)),IF(AND(MONTH(R35)=5,YEAR(R35)=2026),IF(AND(MONTH(S35)=5,YEAR(S35)=2026),"●","▶"),IF(AND(MONTH(S35)=5,YEAR(S35)=2026),"◀","─")),"") | E35: =IF(AND(R35<=DATE(2026,6,1),S35>=DATE(2026,6,1)),IF(AND(MONTH(R35)=6,YEAR(R35)=2026),IF(AND(MONTH(S35)=6,YEAR(S35)=2026),"●","▶"),IF(AND(MONTH(S35)=6,YEAR(S35)=2026),"◀","─")),"") | F35: =IF(AND(R35<=DATE(2026,7,1),S35>=DATE(2026,7,1)),IF(AND(MONTH(R35)=7,YEAR(R35)=2026),IF(AND(MONTH(S35)=7,YEAR(S35)=2026),"●","▶"),IF(AND(MONTH(S35)=7,YEAR(S35)=2026),"◀","─")),"") | G35: =IF(AND(R35<=DATE(2026,8,1),S35>=DATE(2026,8,1)),IF(AND(MONTH(R35)=8,YEAR(R35)=2026),IF(AND(MONTH(S35)=8,YEAR(S35)=2026),"●","▶"),IF(AND(MONTH(S35)=8,YEAR(S35)=2026),"◀","─")),"") | H35: =IF(AND(R35<=DATE(2026,9,1),S35>=DATE(2026,9,1)),IF(AND(MONTH(R35)=9,YEAR(R35)=2026),IF(AND(MONTH(S35)=9,YEAR(S35)=2026),"●","▶"),IF(AND(MONTH(S35)=9,YEAR(S35)=2026),"◀","─")),"") | I35: =IF(AND(R35<=DATE(2026,10,1),S35>=DATE(2026,10,1)),IF(AND(MONTH(R35)=10,YEAR(R35)=2026),IF(AND(MONTH(S35)=10,YEAR(S35)=2026),"●","▶"),IF(AND(MONTH(S35)=10,YEAR(S35)=2026),"◀","─")),"") | J35: =IF(AND(R35<=DATE(2026,11,1),S35>=DATE(2026,11,1)),IF(AND(MONTH(R35)=11,YEAR(R35)=2026),IF(AND(MONTH(S35)=11,YEAR(S35)=2026),"●","▶"),IF(AND(MONTH(S35)=11,YEAR(S35)=2026),"◀","─")),"") | K35: =IF(AND(R35<=DATE(2026,12,1),S35>=DATE(2026,12,1)),IF(AND(MONTH(R35)=12,YEAR(R35)=2026),IF(AND(MONTH(S35)=12,YEAR(S35)=2026),"●","▶"),IF(AND(MONTH(S35)=12,YEAR(S35)=2026),"◀","─")),"") | L35: =IF(AND(R35<=DATE(2027,1,1),S35>=DATE(2027,1,1)),IF(AND(MONTH(R35)=1,YEAR(R35)=2027),IF(AND(MONTH(S35)=1,YEAR(S35)=2027),"●","▶"),IF(AND(MONTH(S35)=1,YEAR(S35)=2027),"◀","─")),"") | M35: =IF(AND(R35<=DATE(2027,2,1),S35>=DATE(2027,2,1)),IF(AND(MONTH(R35)=2,YEAR(R35)=2027),IF(AND(MONTH(S35)=2,YEAR(S35)=2027),"●","▶"),IF(AND(MONTH(S35)=2,YEAR(S35)=2027),"◀","─")),"") -> ─ | N35: =IF(AND(R35<=DATE(2027,3,1),S35>=DATE(2027,3,1)),IF(AND(MONTH(R35)=3,YEAR(R35)=2027),IF(AND(MONTH(S35)=3,YEAR(S35)=2027),"●","▶"),IF(AND(MONTH(S35)=3,YEAR(S35)=2027),"◀","─")),"") -> ◀ | O35: =IF(AND(R35<=DATE(2027,4,1),S35>=DATE(2027,4,1)),IF(AND(MONTH(R35)=4,YEAR(R35)=2027),IF(AND(MONTH(S35)=4,YEAR(S35)=2027),"●","▶"),IF(AND(MONTH(S35)=4,YEAR(S35)=2027),"◀","─")),"") | P35: =IF(AND(R35<=DATE(2027,5,1),S35>=DATE(2027,5,1)),IF(AND(MONTH(R35)=5,YEAR(R35)=2027),IF(AND(MONTH(S35)=5,YEAR(S35)=2027),"●","▶"),IF(AND(MONTH(S35)=5,YEAR(S35)=2027),"◀","─")),"") | Q35: =IF(AND(R35<=DATE(2027,6,1),S35>=DATE(2027,6,1)),IF(AND(MONTH(R35)=6,YEAR(R35)=2027),IF(AND(MONTH(S35)=6,YEAR(S35)=2027),"●","▶"),IF(AND(MONTH(S35)=6,YEAR(S35)=2027),"◀","─")),"") | R35: =EDATE($C$2,-3) -> 46404 | S35: =EDATE($C$2,-1) -> 46463 | T35: 3
B36: 準備喜糖/囍餅 | C36: 雙 | D36: =IF(AND(R36<=DATE(2026,5,1),S36>=DATE(2026,5,1)),IF(AND(MONTH(R36)=5,YEAR(R36)=2026),IF(AND(MONTH(S36)=5,YEAR(S36)=2026),"●","▶"),IF(AND(MONTH(S36)=5,YEAR(S36)=2026),"◀","─")),"") | E36: =IF(AND(R36<=DATE(2026,6,1),S36>=DATE(2026,6,1)),IF(AND(MONTH(R36)=6,YEAR(R36)=2026),IF(AND(MONTH(S36)=6,YEAR(S36)=2026),"●","▶"),IF(AND(MONTH(S36)=6,YEAR(S36)=2026),"◀","─")),"") | F36: =IF(AND(R36<=DATE(2026,7,1),S36>=DATE(2026,7,1)),IF(AND(MONTH(R36)=7,YEAR(R36)=2026),IF(AND(MONTH(S36)=7,YEAR(S36)=2026),"●","▶"),IF(AND(MONTH(S36)=7,YEAR(S36)=2026),"◀","─")),"") | G36: =IF(AND(R36<=DATE(2026,8,1),S36>=DATE(2026,8,1)),IF(AND(MONTH(R36)=8,YEAR(R36)=2026),IF(AND(MONTH(S36)=8,YEAR(S36)=2026),"●","▶"),IF(AND(MONTH(S36)=8,YEAR(S36)=2026),"◀","─")),"") | H36: =IF(AND(R36<=DATE(2026,9,1),S36>=DATE(2026,9,1)),IF(AND(MONTH(R36)=9,YEAR(R36)=2026),IF(AND(MONTH(S36)=9,YEAR(S36)=2026),"●","▶"),IF(AND(MONTH(S36)=9,YEAR(S36)=2026),"◀","─")),"") | I36: =IF(AND(R36<=DATE(2026,10,1),S36>=DATE(2026,10,1)),IF(AND(MONTH(R36)=10,YEAR(R36)=2026),IF(AND(MONTH(S36)=10,YEAR(S36)=2026),"●","▶"),IF(AND(MONTH(S36)=10,YEAR(S36)=2026),"◀","─")),"") | J36: =IF(AND(R36<=DATE(2026,11,1),S36>=DATE(2026,11,1)),IF(AND(MONTH(R36)=11,YEAR(R36)=2026),IF(AND(MONTH(S36)=11,YEAR(S36)=2026),"●","▶"),IF(AND(MONTH(S36)=11,YEAR(S36)=2026),"◀","─")),"") | K36: =IF(AND(R36<=DATE(2026,12,1),S36>=DATE(2026,12,1)),IF(AND(MONTH(R36)=12,YEAR(R36)=2026),IF(AND(MONTH(S36)=12,YEAR(S36)=2026),"●","▶"),IF(AND(MONTH(S36)=12,YEAR(S36)=2026),"◀","─")),"") | L36: =IF(AND(R36<=DATE(2027,1,1),S36>=DATE(2027,1,1)),IF(AND(MONTH(R36)=1,YEAR(R36)=2027),IF(AND(MONTH(S36)=1,YEAR(S36)=2027),"●","▶"),IF(AND(MONTH(S36)=1,YEAR(S36)=2027),"◀","─")),"") | M36: =IF(AND(R36<=DATE(2027,2,1),S36>=DATE(2027,2,1)),IF(AND(MONTH(R36)=2,YEAR(R36)=2027),IF(AND(MONTH(S36)=2,YEAR(S36)=2027),"●","▶"),IF(AND(MONTH(S36)=2,YEAR(S36)=2027),"◀","─")),"") | N36: =IF(AND(R36<=DATE(2027,3,1),S36>=DATE(2027,3,1)),IF(AND(MONTH(R36)=3,YEAR(R36)=2027),IF(AND(MONTH(S36)=3,YEAR(S36)=2027),"●","▶"),IF(AND(MONTH(S36)=3,YEAR(S36)=2027),"◀","─")),"") | O36: =IF(AND(R36<=DATE(2027,4,1),S36>=DATE(2027,4,1)),IF(AND(MONTH(R36)=4,YEAR(R36)=2027),IF(AND(MONTH(S36)=4,YEAR(S36)=2027),"●","▶"),IF(AND(MONTH(S36)=4,YEAR(S36)=2027),"◀","─")),"") -> ◀ | P36: =IF(AND(R36<=DATE(2027,5,1),S36>=DATE(2027,5,1)),IF(AND(MONTH(R36)=5,YEAR(R36)=2027),IF(AND(MONTH(S36)=5,YEAR(S36)=2027),"●","▶"),IF(AND(MONTH(S36)=5,YEAR(S36)=2027),"◀","─")),"") | Q36: =IF(AND(R36<=DATE(2027,6,1),S36>=DATE(2027,6,1)),IF(AND(MONTH(R36)=6,YEAR(R36)=2027),IF(AND(MONTH(S36)=6,YEAR(S36)=2027),"●","▶"),IF(AND(MONTH(S36)=6,YEAR(S36)=2027),"◀","─")),"") | R36: =EDATE($C$2,-1) -> 46463 | S36: =EDATE($C$2,0) -> 46494 | T36: 3
B37: 準備桌上禮/小物 | C37: 雙 | D37: =IF(AND(R37<=DATE(2026,5,1),S37>=DATE(2026,5,1)),IF(AND(MONTH(R37)=5,YEAR(R37)=2026),IF(AND(MONTH(S37)=5,YEAR(S37)=2026),"●","▶"),IF(AND(MONTH(S37)=5,YEAR(S37)=2026),"◀","─")),"") | E37: =IF(AND(R37<=DATE(2026,6,1),S37>=DATE(2026,6,1)),IF(AND(MONTH(R37)=6,YEAR(R37)=2026),IF(AND(MONTH(S37)=6,YEAR(S37)=2026),"●","▶"),IF(AND(MONTH(S37)=6,YEAR(S37)=2026),"◀","─")),"") | F37: =IF(AND(R37<=DATE(2026,7,1),S37>=DATE(2026,7,1)),IF(AND(MONTH(R37)=7,YEAR(R37)=2026),IF(AND(MONTH(S37)=7,YEAR(S37)=2026),"●","▶"),IF(AND(MONTH(S37)=7,YEAR(S37)=2026),"◀","─")),"") | G37: =IF(AND(R37<=DATE(2026,8,1),S37>=DATE(2026,8,1)),IF(AND(MONTH(R37)=8,YEAR(R37)=2026),IF(AND(MONTH(S37)=8,YEAR(S37)=2026),"●","▶"),IF(AND(MONTH(S37)=8,YEAR(S37)=2026),"◀","─")),"") | H37: =IF(AND(R37<=DATE(2026,9,1),S37>=DATE(2026,9,1)),IF(AND(MONTH(R37)=9,YEAR(R37)=2026),IF(AND(MONTH(S37)=9,YEAR(S37)=2026),"●","▶"),IF(AND(MONTH(S37)=9,YEAR(S37)=2026),"◀","─")),"") | I37: =IF(AND(R37<=DATE(2026,10,1),S37>=DATE(2026,10,1)),IF(AND(MONTH(R37)=10,YEAR(R37)=2026),IF(AND(MONTH(S37)=10,YEAR(S37)=2026),"●","▶"),IF(AND(MONTH(S37)=10,YEAR(S37)=2026),"◀","─")),"") | J37: =IF(AND(R37<=DATE(2026,11,1),S37>=DATE(2026,11,1)),IF(AND(MONTH(R37)=11,YEAR(R37)=2026),IF(AND(MONTH(S37)=11,YEAR(S37)=2026),"●","▶"),IF(AND(MONTH(S37)=11,YEAR(S37)=2026),"◀","─")),"") | K37: =IF(AND(R37<=DATE(2026,12,1),S37>=DATE(2026,12,1)),IF(AND(MONTH(R37)=12,YEAR(R37)=2026),IF(AND(MONTH(S37)=12,YEAR(S37)=2026),"●","▶"),IF(AND(MONTH(S37)=12,YEAR(S37)=2026),"◀","─")),"") | L37: =IF(AND(R37<=DATE(2027,1,1),S37>=DATE(2027,1,1)),IF(AND(MONTH(R37)=1,YEAR(R37)=2027),IF(AND(MONTH(S37)=1,YEAR(S37)=2027),"●","▶"),IF(AND(MONTH(S37)=1,YEAR(S37)=2027),"◀","─")),"") | M37: =IF(AND(R37<=DATE(2027,2,1),S37>=DATE(2027,2,1)),IF(AND(MONTH(R37)=2,YEAR(R37)=2027),IF(AND(MONTH(S37)=2,YEAR(S37)=2027),"●","▶"),IF(AND(MONTH(S37)=2,YEAR(S37)=2027),"◀","─")),"") | N37: =IF(AND(R37<=DATE(2027,3,1),S37>=DATE(2027,3,1)),IF(AND(MONTH(R37)=3,YEAR(R37)=2027),IF(AND(MONTH(S37)=3,YEAR(S37)=2027),"●","▶"),IF(AND(MONTH(S37)=3,YEAR(S37)=2027),"◀","─")),"") | O37: =IF(AND(R37<=DATE(2027,4,1),S37>=DATE(2027,4,1)),IF(AND(MONTH(R37)=4,YEAR(R37)=2027),IF(AND(MONTH(S37)=4,YEAR(S37)=2027),"●","▶"),IF(AND(MONTH(S37)=4,YEAR(S37)=2027),"◀","─")),"") -> ◀ | P37: =IF(AND(R37<=DATE(2027,5,1),S37>=DATE(2027,5,1)),IF(AND(MONTH(R37)=5,YEAR(R37)=2027),IF(AND(MONTH(S37)=5,YEAR(S37)=2027),"●","▶"),IF(AND(MONTH(S37)=5,YEAR(S37)=2027),"◀","─")),"") | Q37: =IF(AND(R37<=DATE(2027,6,1),S37>=DATE(2027,6,1)),IF(AND(MONTH(R37)=6,YEAR(R37)=2027),IF(AND(MONTH(S37)=6,YEAR(S37)=2027),"●","▶"),IF(AND(MONTH(S37)=6,YEAR(S37)=2027),"◀","─")),"") | R37: =EDATE($C$2,-1) -> 46463 | S37: =EDATE($C$2,0) -> 46494 | T37: 3
A38: 最終確認 | B38: 確認場地最終細節 | C38: 雙 | D38: =IF(AND(R38<=DATE(2026,5,1),S38>=DATE(2026,5,1)),IF(AND(MONTH(R38)=5,YEAR(R38)=2026),IF(AND(MONTH(S38)=5,YEAR(S38)=2026),"●","▶"),IF(AND(MONTH(S38)=5,YEAR(S38)=2026),"◀","─")),"") | E38: =IF(AND(R38<=DATE(2026,6,1),S38>=DATE(2026,6,1)),IF(AND(MONTH(R38)=6,YEAR(R38)=2026),IF(AND(MONTH(S38)=6,YEAR(S38)=2026),"●","▶"),IF(AND(MONTH(S38)=6,YEAR(S38)=2026),"◀","─")),"") | F38: =IF(AND(R38<=DATE(2026,7,1),S38>=DATE(2026,7,1)),IF(AND(MONTH(R38)=7,YEAR(R38)=2026),IF(AND(MONTH(S38)=7,YEAR(S38)=2026),"●","▶"),IF(AND(MONTH(S38)=7,YEAR(S38)=2026),"◀","─")),"") | G38: =IF(AND(R38<=DATE(2026,8,1),S38>=DATE(2026,8,1)),IF(AND(MONTH(R38)=8,YEAR(R38)=2026),IF(AND(MONTH(S38)=8,YEAR(S38)=2026),"●","▶"),IF(AND(MONTH(S38)=8,YEAR(S38)=2026),"◀","─")),"") | H38: =IF(AND(R38<=DATE(2026,9,1),S38>=DATE(2026,9,1)),IF(AND(MONTH(R38)=9,YEAR(R38)=2026),IF(AND(MONTH(S38)=9,YEAR(S38)=2026),"●","▶"),IF(AND(MONTH(S38)=9,YEAR(S38)=2026),"◀","─")),"") | I38: =IF(AND(R38<=DATE(2026,10,1),S38>=DATE(2026,10,1)),IF(AND(MONTH(R38)=10,YEAR(R38)=2026),IF(AND(MONTH(S38)=10,YEAR(S38)=2026),"●","▶"),IF(AND(MONTH(S38)=10,YEAR(S38)=2026),"◀","─")),"") | J38: =IF(AND(R38<=DATE(2026,11,1),S38>=DATE(2026,11,1)),IF(AND(MONTH(R38)=11,YEAR(R38)=2026),IF(AND(MONTH(S38)=11,YEAR(S38)=2026),"●","▶"),IF(AND(MONTH(S38)=11,YEAR(S38)=2026),"◀","─")),"") | K38: =IF(AND(R38<=DATE(2026,12,1),S38>=DATE(2026,12,1)),IF(AND(MONTH(R38)=12,YEAR(R38)=2026),IF(AND(MONTH(S38)=12,YEAR(S38)=2026),"●","▶"),IF(AND(MONTH(S38)=12,YEAR(S38)=2026),"◀","─")),"") | L38: =IF(AND(R38<=DATE(2027,1,1),S38>=DATE(2027,1,1)),IF(AND(MONTH(R38)=1,YEAR(R38)=2027),IF(AND(MONTH(S38)=1,YEAR(S38)=2027),"●","▶"),IF(AND(MONTH(S38)=1,YEAR(S38)=2027),"◀","─")),"") | M38: =IF(AND(R38<=DATE(2027,2,1),S38>=DATE(2027,2,1)),IF(AND(MONTH(R38)=2,YEAR(R38)=2027),IF(AND(MONTH(S38)=2,YEAR(S38)=2027),"●","▶"),IF(AND(MONTH(S38)=2,YEAR(S38)=2027),"◀","─")),"") | N38: =IF(AND(R38<=DATE(2027,3,1),S38>=DATE(2027,3,1)),IF(AND(MONTH(R38)=3,YEAR(R38)=2027),IF(AND(MONTH(S38)=3,YEAR(S38)=2027),"●","▶"),IF(AND(MONTH(S38)=3,YEAR(S38)=2027),"◀","─")),"") | O38: =IF(AND(R38<=DATE(2027,4,1),S38>=DATE(2027,4,1)),IF(AND(MONTH(R38)=4,YEAR(R38)=2027),IF(AND(MONTH(S38)=4,YEAR(S38)=2027),"●","▶"),IF(AND(MONTH(S38)=4,YEAR(S38)=2027),"◀","─")),"") -> ◀ | P38: =IF(AND(R38<=DATE(2027,5,1),S38>=DATE(2027,5,1)),IF(AND(MONTH(R38)=5,YEAR(R38)=2027),IF(AND(MONTH(S38)=5,YEAR(S38)=2027),"●","▶"),IF(AND(MONTH(S38)=5,YEAR(S38)=2027),"◀","─")),"") | Q38: =IF(AND(R38<=DATE(2027,6,1),S38>=DATE(2027,6,1)),IF(AND(MONTH(R38)=6,YEAR(R38)=2027),IF(AND(MONTH(S38)=6,YEAR(S38)=2027),"●","▶"),IF(AND(MONTH(S38)=6,YEAR(S38)=2027),"◀","─")),"") | R38: =EDATE($C$2,-1) -> 46463 | S38: =EDATE($C$2,0) -> 46494 | T38: 3
B39: 婚禮當天行程表 | C39: 雙 | D39: =IF(AND(R39<=DATE(2026,5,1),S39>=DATE(2026,5,1)),IF(AND(MONTH(R39)=5,YEAR(R39)=2026),IF(AND(MONTH(S39)=5,YEAR(S39)=2026),"●","▶"),IF(AND(MONTH(S39)=5,YEAR(S39)=2026),"◀","─")),"") | E39: =IF(AND(R39<=DATE(2026,6,1),S39>=DATE(2026,6,1)),IF(AND(MONTH(R39)=6,YEAR(R39)=2026),IF(AND(MONTH(S39)=6,YEAR(S39)=2026),"●","▶"),IF(AND(MONTH(S39)=6,YEAR(S39)=2026),"◀","─")),"") | F39: =IF(AND(R39<=DATE(2026,7,1),S39>=DATE(2026,7,1)),IF(AND(MONTH(R39)=7,YEAR(R39)=2026),IF(AND(MONTH(S39)=7,YEAR(S39)=2026),"●","▶"),IF(AND(MONTH(S39)=7,YEAR(S39)=2026),"◀","─")),"") | G39: =IF(AND(R39<=DATE(2026,8,1),S39>=DATE(2026,8,1)),IF(AND(MONTH(R39)=8,YEAR(R39)=2026),IF(AND(MONTH(S39)=8,YEAR(S39)=2026),"●","▶"),IF(AND(MONTH(S39)=8,YEAR(S39)=2026),"◀","─")),"") | H39: =IF(AND(R39<=DATE(2026,9,1),S39>=DATE(2026,9,1)),IF(AND(MONTH(R39)=9,YEAR(R39)=2026),IF(AND(MONTH(S39)=9,YEAR(S39)=2026),"●","▶"),IF(AND(MONTH(S39)=9,YEAR(S39)=2026),"◀","─")),"") | I39: =IF(AND(R39<=DATE(2026,10,1),S39>=DATE(2026,10,1)),IF(AND(MONTH(R39)=10,YEAR(R39)=2026),IF(AND(MONTH(S39)=10,YEAR(S39)=2026),"●","▶"),IF(AND(MONTH(S39)=10,YEAR(S39)=2026),"◀","─")),"") | J39: =IF(AND(R39<=DATE(2026,11,1),S39>=DATE(2026,11,1)),IF(AND(MONTH(R39)=11,YEAR(R39)=2026),IF(AND(MONTH(S39)=11,YEAR(S39)=2026),"●","▶"),IF(AND(MONTH(S39)=11,YEAR(S39)=2026),"◀","─")),"") | K39: =IF(AND(R39<=DATE(2026,12,1),S39>=DATE(2026,12,1)),IF(AND(MONTH(R39)=12,YEAR(R39)=2026),IF(AND(MONTH(S39)=12,YEAR(S39)=2026),"●","▶"),IF(AND(MONTH(S39)=12,YEAR(S39)=2026),"◀","─")),"") | L39: =IF(AND(R39<=DATE(2027,1,1),S39>=DATE(2027,1,1)),IF(AND(MONTH(R39)=1,YEAR(R39)=2027),IF(AND(MONTH(S39)=1,YEAR(S39)=2027),"●","▶"),IF(AND(MONTH(S39)=1,YEAR(S39)=2027),"◀","─")),"") | M39: =IF(AND(R39<=DATE(2027,2,1),S39>=DATE(2027,2,1)),IF(AND(MONTH(R39)=2,YEAR(R39)=2027),IF(AND(MONTH(S39)=2,YEAR(S39)=2027),"●","▶"),IF(AND(MONTH(S39)=2,YEAR(S39)=2027),"◀","─")),"") | N39: =IF(AND(R39<=DATE(2027,3,1),S39>=DATE(2027,3,1)),IF(AND(MONTH(R39)=3,YEAR(R39)=2027),IF(AND(MONTH(S39)=3,YEAR(S39)=2027),"●","▶"),IF(AND(MONTH(S39)=3,YEAR(S39)=2027),"◀","─")),"") | O39: =IF(AND(R39<=DATE(2027,4,1),S39>=DATE(2027,4,1)),IF(AND(MONTH(R39)=4,YEAR(R39)=2027),IF(AND(MONTH(S39)=4,YEAR(S39)=2027),"●","▶"),IF(AND(MONTH(S39)=4,YEAR(S39)=2027),"◀","─")),"") -> ◀ | P39: =IF(AND(R39<=DATE(2027,5,1),S39>=DATE(2027,5,1)),IF(AND(MONTH(R39)=5,YEAR(R39)=2027),IF(AND(MONTH(S39)=5,YEAR(S39)=2027),"●","▶"),IF(AND(MONTH(S39)=5,YEAR(S39)=2027),"◀","─")),"") | Q39: =IF(AND(R39<=DATE(2027,6,1),S39>=DATE(2027,6,1)),IF(AND(MONTH(R39)=6,YEAR(R39)=2027),IF(AND(MONTH(S39)=6,YEAR(S39)=2027),"●","▶"),IF(AND(MONTH(S39)=6,YEAR(S39)=2027),"◀","─")),"") | R39: =EDATE($C$2,-1) -> 46463 | S39: =EDATE($C$2,0) -> 46494 | T39: 3
B40: 婚宴彩排 | C40: 雙 | D40: =IF(AND(R40<=DATE(2026,5,1),S40>=DATE(2026,5,1)),IF(AND(MONTH(R40)=5,YEAR(R40)=2026),IF(AND(MONTH(S40)=5,YEAR(S40)=2026),"●","▶"),IF(AND(MONTH(S40)=5,YEAR(S40)=2026),"◀","─")),"") | E40: =IF(AND(R40<=DATE(2026,6,1),S40>=DATE(2026,6,1)),IF(AND(MONTH(R40)=6,YEAR(R40)=2026),IF(AND(MONTH(S40)=6,YEAR(S40)=2026),"●","▶"),IF(AND(MONTH(S40)=6,YEAR(S40)=2026),"◀","─")),"") | F40: =IF(AND(R40<=DATE(2026,7,1),S40>=DATE(2026,7,1)),IF(AND(MONTH(R40)=7,YEAR(R40)=2026),IF(AND(MONTH(S40)=7,YEAR(S40)=2026),"●","▶"),IF(AND(MONTH(S40)=7,YEAR(S40)=2026),"◀","─")),"") | G40: =IF(AND(R40<=DATE(2026,8,1),S40>=DATE(2026,8,1)),IF(AND(MONTH(R40)=8,YEAR(R40)=2026),IF(AND(MONTH(S40)=8,YEAR(S40)=2026),"●","▶"),IF(AND(MONTH(S40)=8,YEAR(S40)=2026),"◀","─")),"") | H40: =IF(AND(R40<=DATE(2026,9,1),S40>=DATE(2026,9,1)),IF(AND(MONTH(R40)=9,YEAR(R40)=2026),IF(AND(MONTH(S40)=9,YEAR(S40)=2026),"●","▶"),IF(AND(MONTH(S40)=9,YEAR(S40)=2026),"◀","─")),"") | I40: =IF(AND(R40<=DATE(2026,10,1),S40>=DATE(2026,10,1)),IF(AND(MONTH(R40)=10,YEAR(R40)=2026),IF(AND(MONTH(S40)=10,YEAR(S40)=2026),"●","▶"),IF(AND(MONTH(S40)=10,YEAR(S40)=2026),"◀","─")),"") | J40: =IF(AND(R40<=DATE(2026,11,1),S40>=DATE(2026,11,1)),IF(AND(MONTH(R40)=11,YEAR(R40)=2026),IF(AND(MONTH(S40)=11,YEAR(S40)=2026),"●","▶"),IF(AND(MONTH(S40)=11,YEAR(S40)=2026),"◀","─")),"") | K40: =IF(AND(R40<=DATE(2026,12,1),S40>=DATE(2026,12,1)),IF(AND(MONTH(R40)=12,YEAR(R40)=2026),IF(AND(MONTH(S40)=12,YEAR(S40)=2026),"●","▶"),IF(AND(MONTH(S40)=12,YEAR(S40)=2026),"◀","─")),"") | L40: =IF(AND(R40<=DATE(2027,1,1),S40>=DATE(2027,1,1)),IF(AND(MONTH(R40)=1,YEAR(R40)=2027),IF(AND(MONTH(S40)=1,YEAR(S40)=2027),"●","▶"),IF(AND(MONTH(S40)=1,YEAR(S40)=2027),"◀","─")),"") | M40: =IF(AND(R40<=DATE(2027,2,1),S40>=DATE(2027,2,1)),IF(AND(MONTH(R40)=2,YEAR(R40)=2027),IF(AND(MONTH(S40)=2,YEAR(S40)=2027),"●","▶"),IF(AND(MONTH(S40)=2,YEAR(S40)=2027),"◀","─")),"") | N40: =IF(AND(R40<=DATE(2027,3,1),S40>=DATE(2027,3,1)),IF(AND(MONTH(R40)=3,YEAR(R40)=2027),IF(AND(MONTH(S40)=3,YEAR(S40)=2027),"●","▶"),IF(AND(MONTH(S40)=3,YEAR(S40)=2027),"◀","─")),"") | O40: =IF(AND(R40<=DATE(2027,4,1),S40>=DATE(2027,4,1)),IF(AND(MONTH(R40)=4,YEAR(R40)=2027),IF(AND(MONTH(S40)=4,YEAR(S40)=2027),"●","▶"),IF(AND(MONTH(S40)=4,YEAR(S40)=2027),"◀","─")),"") -> ◀ | P40: =IF(AND(R40<=DATE(2027,5,1),S40>=DATE(2027,5,1)),IF(AND(MONTH(R40)=5,YEAR(R40)=2027),IF(AND(MONTH(S40)=5,YEAR(S40)=2027),"●","▶"),IF(AND(MONTH(S40)=5,YEAR(S40)=2027),"◀","─")),"") | Q40: =IF(AND(R40<=DATE(2027,6,1),S40>=DATE(2027,6,1)),IF(AND(MONTH(R40)=6,YEAR(R40)=2027),IF(AND(MONTH(S40)=6,YEAR(S40)=2027),"●","▶"),IF(AND(MONTH(S40)=6,YEAR(S40)=2027),"◀","─")),"") | R40: =EDATE($C$2,-1) -> 46463 | S40: =EDATE($C$2,0) -> 46494 | T40: 3
B41: 賓客最終名單 | C41: 雙 | D41: =IF(AND(R41<=DATE(2026,5,1),S41>=DATE(2026,5,1)),IF(AND(MONTH(R41)=5,YEAR(R41)=2026),IF(AND(MONTH(S41)=5,YEAR(S41)=2026),"●","▶"),IF(AND(MONTH(S41)=5,YEAR(S41)=2026),"◀","─")),"") | E41: =IF(AND(R41<=DATE(2026,6,1),S41>=DATE(2026,6,1)),IF(AND(MONTH(R41)=6,YEAR(R41)=2026),IF(AND(MONTH(S41)=6,YEAR(S41)=2026),"●","▶"),IF(AND(MONTH(S41)=6,YEAR(S41)=2026),"◀","─")),"") | F41: =IF(AND(R41<=DATE(2026,7,1),S41>=DATE(2026,7,1)),IF(AND(MONTH(R41)=7,YEAR(R41)=2026),IF(AND(MONTH(S41)=7,YEAR(S41)=2026),"●","▶"),IF(AND(MONTH(S41)=7,YEAR(S41)=2026),"◀","─")),"") | G41: =IF(AND(R41<=DATE(2026,8,1),S41>=DATE(2026,8,1)),IF(AND(MONTH(R41)=8,YEAR(R41)=2026),IF(AND(MONTH(S41)=8,YEAR(S41)=2026),"●","▶"),IF(AND(MONTH(S41)=8,YEAR(S41)=2026),"◀","─")),"") | H41: =IF(AND(R41<=DATE(2026,9,1),S41>=DATE(2026,9,1)),IF(AND(MONTH(R41)=9,YEAR(R41)=2026),IF(AND(MONTH(S41)=9,YEAR(S41)=2026),"●","▶"),IF(AND(MONTH(S41)=9,YEAR(S41)=2026),"◀","─")),"") | I41: =IF(AND(R41<=DATE(2026,10,1),S41>=DATE(2026,10,1)),IF(AND(MONTH(R41)=10,YEAR(R41)=2026),IF(AND(MONTH(S41)=10,YEAR(S41)=2026),"●","▶"),IF(AND(MONTH(S41)=10,YEAR(S41)=2026),"◀","─")),"") | J41: =IF(AND(R41<=DATE(2026,11,1),S41>=DATE(2026,11,1)),IF(AND(MONTH(R41)=11,YEAR(R41)=2026),IF(AND(MONTH(S41)=11,YEAR(S41)=2026),"●","▶"),IF(AND(MONTH(S41)=11,YEAR(S41)=2026),"◀","─")),"") | K41: =IF(AND(R41<=DATE(2026,12,1),S41>=DATE(2026,12,1)),IF(AND(MONTH(R41)=12,YEAR(R41)=2026),IF(AND(MONTH(S41)=12,YEAR(S41)=2026),"●","▶"),IF(AND(MONTH(S41)=12,YEAR(S41)=2026),"◀","─")),"") | L41: =IF(AND(R41<=DATE(2027,1,1),S41>=DATE(2027,1,1)),IF(AND(MONTH(R41)=1,YEAR(R41)=2027),IF(AND(MONTH(S41)=1,YEAR(S41)=2027),"●","▶"),IF(AND(MONTH(S41)=1,YEAR(S41)=2027),"◀","─")),"") | M41: =IF(AND(R41<=DATE(2027,2,1),S41>=DATE(2027,2,1)),IF(AND(MONTH(R41)=2,YEAR(R41)=2027),IF(AND(MONTH(S41)=2,YEAR(S41)=2027),"●","▶"),IF(AND(MONTH(S41)=2,YEAR(S41)=2027),"◀","─")),"") | N41: =IF(AND(R41<=DATE(2027,3,1),S41>=DATE(2027,3,1)),IF(AND(MONTH(R41)=3,YEAR(R41)=2027),IF(AND(MONTH(S41)=3,YEAR(S41)=2027),"●","▶"),IF(AND(MONTH(S41)=3,YEAR(S41)=2027),"◀","─")),"") | O41: =IF(AND(R41<=DATE(2027,4,1),S41>=DATE(2027,4,1)),IF(AND(MONTH(R41)=4,YEAR(R41)=2027),IF(AND(MONTH(S41)=4,YEAR(S41)=2027),"●","▶"),IF(AND(MONTH(S41)=4,YEAR(S41)=2027),"◀","─")),"") -> ◀ | P41: =IF(AND(R41<=DATE(2027,5,1),S41>=DATE(2027,5,1)),IF(AND(MONTH(R41)=5,YEAR(R41)=2027),IF(AND(MONTH(S41)=5,YEAR(S41)=2027),"●","▶"),IF(AND(MONTH(S41)=5,YEAR(S41)=2027),"◀","─")),"") | Q41: =IF(AND(R41<=DATE(2027,6,1),S41>=DATE(2027,6,1)),IF(AND(MONTH(R41)=6,YEAR(R41)=2027),IF(AND(MONTH(S41)=6,YEAR(S41)=2027),"●","▶"),IF(AND(MONTH(S41)=6,YEAR(S41)=2027),"◀","─")),"") | R41: =EDATE($C$2,-1) -> 46463 | S41: =EDATE($C$2,0) -> 46494 | T41: 3
A42: 🎊 婚禮 | B42: 結婚典禮 & 婚宴 | C42: 雙 | D42: =IF(AND(R42<=DATE(2026,5,1),S42>=DATE(2026,5,1)),IF(AND(MONTH(R42)=5,YEAR(R42)=2026),IF(AND(MONTH(S42)=5,YEAR(S42)=2026),"★","▶"),IF(AND(MONTH(S42)=5,YEAR(S42)=2026),"◀","─")),"") | E42: =IF(AND(R42<=DATE(2026,6,1),S42>=DATE(2026,6,1)),IF(AND(MONTH(R42)=6,YEAR(R42)=2026),IF(AND(MONTH(S42)=6,YEAR(S42)=2026),"★","▶"),IF(AND(MONTH(S42)=6,YEAR(S42)=2026),"◀","─")),"") | F42: =IF(AND(R42<=DATE(2026,7,1),S42>=DATE(2026,7,1)),IF(AND(MONTH(R42)=7,YEAR(R42)=2026),IF(AND(MONTH(S42)=7,YEAR(S42)=2026),"★","▶"),IF(AND(MONTH(S42)=7,YEAR(S42)=2026),"◀","─")),"") | G42: =IF(AND(R42<=DATE(2026,8,1),S42>=DATE(2026,8,1)),IF(AND(MONTH(R42)=8,YEAR(R42)=2026),IF(AND(MONTH(S42)=8,YEAR(S42)=2026),"★","▶"),IF(AND(MONTH(S42)=8,YEAR(S42)=2026),"◀","─")),"") | H42: =IF(AND(R42<=DATE(2026,9,1),S42>=DATE(2026,9,1)),IF(AND(MONTH(R42)=9,YEAR(R42)=2026),IF(AND(MONTH(S42)=9,YEAR(S42)=2026),"★","▶"),IF(AND(MONTH(S42)=9,YEAR(S42)=2026),"◀","─")),"") | I42: =IF(AND(R42<=DATE(2026,10,1),S42>=DATE(2026,10,1)),IF(AND(MONTH(R42)=10,YEAR(R42)=2026),IF(AND(MONTH(S42)=10,YEAR(S42)=2026),"★","▶"),IF(AND(MONTH(S42)=10,YEAR(S42)=2026),"◀","─")),"") | J42: =IF(AND(R42<=DATE(2026,11,1),S42>=DATE(2026,11,1)),IF(AND(MONTH(R42)=11,YEAR(R42)=2026),IF(AND(MONTH(S42)=11,YEAR(S42)=2026),"★","▶"),IF(AND(MONTH(S42)=11,YEAR(S42)=2026),"◀","─")),"") | K42: =IF(AND(R42<=DATE(2026,12,1),S42>=DATE(2026,12,1)),IF(AND(MONTH(R42)=12,YEAR(R42)=2026),IF(AND(MONTH(S42)=12,YEAR(S42)=2026),"★","▶"),IF(AND(MONTH(S42)=12,YEAR(S42)=2026),"◀","─")),"") | L42: =IF(AND(R42<=DATE(2027,1,1),S42>=DATE(2027,1,1)),IF(AND(MONTH(R42)=1,YEAR(R42)=2027),IF(AND(MONTH(S42)=1,YEAR(S42)=2027),"★","▶"),IF(AND(MONTH(S42)=1,YEAR(S42)=2027),"◀","─")),"") | M42: =IF(AND(R42<=DATE(2027,2,1),S42>=DATE(2027,2,1)),IF(AND(MONTH(R42)=2,YEAR(R42)=2027),IF(AND(MONTH(S42)=2,YEAR(S42)=2027),"★","▶"),IF(AND(MONTH(S42)=2,YEAR(S42)=2027),"◀","─")),"") | N42: =IF(AND(R42<=DATE(2027,3,1),S42>=DATE(2027,3,1)),IF(AND(MONTH(R42)=3,YEAR(R42)=2027),IF(AND(MONTH(S42)=3,YEAR(S42)=2027),"★","▶"),IF(AND(MONTH(S42)=3,YEAR(S42)=2027),"◀","─")),"") | O42: =IF(AND(R42<=DATE(2027,4,1),S42>=DATE(2027,4,1)),IF(AND(MONTH(R42)=4,YEAR(R42)=2027),IF(AND(MONTH(S42)=4,YEAR(S42)=2027),"★","▶"),IF(AND(MONTH(S42)=4,YEAR(S42)=2027),"◀","─")),"") | P42: =IF(AND(R42<=DATE(2027,5,1),S42>=DATE(2027,5,1)),IF(AND(MONTH(R42)=5,YEAR(R42)=2027),IF(AND(MONTH(S42)=5,YEAR(S42)=2027),"★","▶"),IF(AND(MONTH(S42)=5,YEAR(S42)=2027),"◀","─")),"") | Q42: =IF(AND(R42<=DATE(2027,6,1),S42>=DATE(2027,6,1)),IF(AND(MONTH(R42)=6,YEAR(R42)=2027),IF(AND(MONTH(S42)=6,YEAR(S42)=2027),"★","▶"),IF(AND(MONTH(S42)=6,YEAR(S42)=2027),"◀","─")),"") | R42: =EDATE($C$2,0) -> 46494 | S42: =EDATE($C$2,0) -> 46494 | T42: 5
A43: 婚後事項 | B43: 蜜月旅行 | C43: 雙 | D43: =IF(AND(R43<=DATE(2026,5,1),S43>=DATE(2026,5,1)),IF(AND(MONTH(R43)=5,YEAR(R43)=2026),IF(AND(MONTH(S43)=5,YEAR(S43)=2026),"●","▶"),IF(AND(MONTH(S43)=5,YEAR(S43)=2026),"◀","─")),"") | E43: =IF(AND(R43<=DATE(2026,6,1),S43>=DATE(2026,6,1)),IF(AND(MONTH(R43)=6,YEAR(R43)=2026),IF(AND(MONTH(S43)=6,YEAR(S43)=2026),"●","▶"),IF(AND(MONTH(S43)=6,YEAR(S43)=2026),"◀","─")),"") | F43: =IF(AND(R43<=DATE(2026,7,1),S43>=DATE(2026,7,1)),IF(AND(MONTH(R43)=7,YEAR(R43)=2026),IF(AND(MONTH(S43)=7,YEAR(S43)=2026),"●","▶"),IF(AND(MONTH(S43)=7,YEAR(S43)=2026),"◀","─")),"") | G43: =IF(AND(R43<=DATE(2026,8,1),S43>=DATE(2026,8,1)),IF(AND(MONTH(R43)=8,YEAR(R43)=2026),IF(AND(MONTH(S43)=8,YEAR(S43)=2026),"●","▶"),IF(AND(MONTH(S43)=8,YEAR(S43)=2026),"◀","─")),"") | H43: =IF(AND(R43<=DATE(2026,9,1),S43>=DATE(2026,9,1)),IF(AND(MONTH(R43)=9,YEAR(R43)=2026),IF(AND(MONTH(S43)=9,YEAR(S43)=2026),"●","▶"),IF(AND(MONTH(S43)=9,YEAR(S43)=2026),"◀","─")),"") | I43: =IF(AND(R43<=DATE(2026,10,1),S43>=DATE(2026,10,1)),IF(AND(MONTH(R43)=10,YEAR(R43)=2026),IF(AND(MONTH(S43)=10,YEAR(S43)=2026),"●","▶"),IF(AND(MONTH(S43)=10,YEAR(S43)=2026),"◀","─")),"") | J43: =IF(AND(R43<=DATE(2026,11,1),S43>=DATE(2026,11,1)),IF(AND(MONTH(R43)=11,YEAR(R43)=2026),IF(AND(MONTH(S43)=11,YEAR(S43)=2026),"●","▶"),IF(AND(MONTH(S43)=11,YEAR(S43)=2026),"◀","─")),"") | K43: =IF(AND(R43<=DATE(2026,12,1),S43>=DATE(2026,12,1)),IF(AND(MONTH(R43)=12,YEAR(R43)=2026),IF(AND(MONTH(S43)=12,YEAR(S43)=2026),"●","▶"),IF(AND(MONTH(S43)=12,YEAR(S43)=2026),"◀","─")),"") | L43: =IF(AND(R43<=DATE(2027,1,1),S43>=DATE(2027,1,1)),IF(AND(MONTH(R43)=1,YEAR(R43)=2027),IF(AND(MONTH(S43)=1,YEAR(S43)=2027),"●","▶"),IF(AND(MONTH(S43)=1,YEAR(S43)=2027),"◀","─")),"") | M43: =IF(AND(R43<=DATE(2027,2,1),S43>=DATE(2027,2,1)),IF(AND(MONTH(R43)=2,YEAR(R43)=2027),IF(AND(MONTH(S43)=2,YEAR(S43)=2027),"●","▶"),IF(AND(MONTH(S43)=2,YEAR(S43)=2027),"◀","─")),"") | N43: =IF(AND(R43<=DATE(2027,3,1),S43>=DATE(2027,3,1)),IF(AND(MONTH(R43)=3,YEAR(R43)=2027),IF(AND(MONTH(S43)=3,YEAR(S43)=2027),"●","▶"),IF(AND(MONTH(S43)=3,YEAR(S43)=2027),"◀","─")),"") | O43: =IF(AND(R43<=DATE(2027,4,1),S43>=DATE(2027,4,1)),IF(AND(MONTH(R43)=4,YEAR(R43)=2027),IF(AND(MONTH(S43)=4,YEAR(S43)=2027),"●","▶"),IF(AND(MONTH(S43)=4,YEAR(S43)=2027),"◀","─")),"") | P43: =IF(AND(R43<=DATE(2027,5,1),S43>=DATE(2027,5,1)),IF(AND(MONTH(R43)=5,YEAR(R43)=2027),IF(AND(MONTH(S43)=5,YEAR(S43)=2027),"●","▶"),IF(AND(MONTH(S43)=5,YEAR(S43)=2027),"◀","─")),"") | Q43: =IF(AND(R43<=DATE(2027,6,1),S43>=DATE(2027,6,1)),IF(AND(MONTH(R43)=6,YEAR(R43)=2027),IF(AND(MONTH(S43)=6,YEAR(S43)=2027),"●","▶"),IF(AND(MONTH(S43)=6,YEAR(S43)=2027),"◀","─")),"") -> ◀ | R43: =EDATE($C$2,1) -> 46524 | S43: =EDATE($C$2,2) -> 46555 | T43: 3
B44: 歸寧（回娘家，帶雞腿） | C44: 雙 | D44: =IF(AND(R44<=DATE(2026,5,1),S44>=DATE(2026,5,1)),IF(AND(MONTH(R44)=5,YEAR(R44)=2026),IF(AND(MONTH(S44)=5,YEAR(S44)=2026),"●","▶"),IF(AND(MONTH(S44)=5,YEAR(S44)=2026),"◀","─")),"") | E44: =IF(AND(R44<=DATE(2026,6,1),S44>=DATE(2026,6,1)),IF(AND(MONTH(R44)=6,YEAR(R44)=2026),IF(AND(MONTH(S44)=6,YEAR(S44)=2026),"●","▶"),IF(AND(MONTH(S44)=6,YEAR(S44)=2026),"◀","─")),"") | F44: =IF(AND(R44<=DATE(2026,7,1),S44>=DATE(2026,7,1)),IF(AND(MONTH(R44)=7,YEAR(R44)=2026),IF(AND(MONTH(S44)=7,YEAR(S44)=2026),"●","▶"),IF(AND(MONTH(S44)=7,YEAR(S44)=2026),"◀","─")),"") | G44: =IF(AND(R44<=DATE(2026,8,1),S44>=DATE(2026,8,1)),IF(AND(MONTH(R44)=8,YEAR(R44)=2026),IF(AND(MONTH(S44)=8,YEAR(S44)=2026),"●","▶"),IF(AND(MONTH(S44)=8,YEAR(S44)=2026),"◀","─")),"") | H44: =IF(AND(R44<=DATE(2026,9,1),S44>=DATE(2026,9,1)),IF(AND(MONTH(R44)=9,YEAR(R44)=2026),IF(AND(MONTH(S44)=9,YEAR(S44)=2026),"●","▶"),IF(AND(MONTH(S44)=9,YEAR(S44)=2026),"◀","─")),"") | I44: =IF(AND(R44<=DATE(2026,10,1),S44>=DATE(2026,10,1)),IF(AND(MONTH(R44)=10,YEAR(R44)=2026),IF(AND(MONTH(S44)=10,YEAR(S44)=2026),"●","▶"),IF(AND(MONTH(S44)=10,YEAR(S44)=2026),"◀","─")),"") | J44: =IF(AND(R44<=DATE(2026,11,1),S44>=DATE(2026,11,1)),IF(AND(MONTH(R44)=11,YEAR(R44)=2026),IF(AND(MONTH(S44)=11,YEAR(S44)=2026),"●","▶"),IF(AND(MONTH(S44)=11,YEAR(S44)=2026),"◀","─")),"") | K44: =IF(AND(R44<=DATE(2026,12,1),S44>=DATE(2026,12,1)),IF(AND(MONTH(R44)=12,YEAR(R44)=2026),IF(AND(MONTH(S44)=12,YEAR(S44)=2026),"●","▶"),IF(AND(MONTH(S44)=12,YEAR(S44)=2026),"◀","─")),"") | L44: =IF(AND(R44<=DATE(2027,1,1),S44>=DATE(2027,1,1)),IF(AND(MONTH(R44)=1,YEAR(R44)=2027),IF(AND(MONTH(S44)=1,YEAR(S44)=2027),"●","▶"),IF(AND(MONTH(S44)=1,YEAR(S44)=2027),"◀","─")),"") | M44: =IF(AND(R44<=DATE(2027,2,1),S44>=DATE(2027,2,1)),IF(AND(MONTH(R44)=2,YEAR(R44)=2027),IF(AND(MONTH(S44)=2,YEAR(S44)=2027),"●","▶"),IF(AND(MONTH(S44)=2,YEAR(S44)=2027),"◀","─")),"") | N44: =IF(AND(R44<=DATE(2027,3,1),S44>=DATE(2027,3,1)),IF(AND(MONTH(R44)=3,YEAR(R44)=2027),IF(AND(MONTH(S44)=3,YEAR(S44)=2027),"●","▶"),IF(AND(MONTH(S44)=3,YEAR(S44)=2027),"◀","─")),"") | O44: =IF(AND(R44<=DATE(2027,4,1),S44>=DATE(2027,4,1)),IF(AND(MONTH(R44)=4,YEAR(R44)=2027),IF(AND(MONTH(S44)=4,YEAR(S44)=2027),"●","▶"),IF(AND(MONTH(S44)=4,YEAR(S44)=2027),"◀","─")),"") | P44: =IF(AND(R44<=DATE(2027,5,1),S44>=DATE(2027,5,1)),IF(AND(MONTH(R44)=5,YEAR(R44)=2027),IF(AND(MONTH(S44)=5,YEAR(S44)=2027),"●","▶"),IF(AND(MONTH(S44)=5,YEAR(S44)=2027),"◀","─")),"") | Q44: =IF(AND(R44<=DATE(2027,6,1),S44>=DATE(2027,6,1)),IF(AND(MONTH(R44)=6,YEAR(R44)=2027),IF(AND(MONTH(S44)=6,YEAR(S44)=2027),"●","▶"),IF(AND(MONTH(S44)=6,YEAR(S44)=2027),"◀","─")),"") | R44: =EDATE($C$2,1) -> 46524 | S44: =EDATE($C$2,1) -> 46524 | T44: 3
B45: 更新身分證/護照 | C45: 女 | D45: =IF(AND(R45<=DATE(2026,5,1),S45>=DATE(2026,5,1)),IF(AND(MONTH(R45)=5,YEAR(R45)=2026),IF(AND(MONTH(S45)=5,YEAR(S45)=2026),"●","▶"),IF(AND(MONTH(S45)=5,YEAR(S45)=2026),"◀","─")),"") | E45: =IF(AND(R45<=DATE(2026,6,1),S45>=DATE(2026,6,1)),IF(AND(MONTH(R45)=6,YEAR(R45)=2026),IF(AND(MONTH(S45)=6,YEAR(S45)=2026),"●","▶"),IF(AND(MONTH(S45)=6,YEAR(S45)=2026),"◀","─")),"") | F45: =IF(AND(R45<=DATE(2026,7,1),S45>=DATE(2026,7,1)),IF(AND(MONTH(R45)=7,YEAR(R45)=2026),IF(AND(MONTH(S45)=7,YEAR(S45)=2026),"●","▶"),IF(AND(MONTH(S45)=7,YEAR(S45)=2026),"◀","─")),"") | G45: =IF(AND(R45<=DATE(2026,8,1),S45>=DATE(2026,8,1)),IF(AND(MONTH(R45)=8,YEAR(R45)=2026),IF(AND(MONTH(S45)=8,YEAR(S45)=2026),"●","▶"),IF(AND(MONTH(S45)=8,YEAR(S45)=2026),"◀","─")),"") | H45: =IF(AND(R45<=DATE(2026,9,1),S45>=DATE(2026,9,1)),IF(AND(MONTH(R45)=9,YEAR(R45)=2026),IF(AND(MONTH(S45)=9,YEAR(S45)=2026),"●","▶"),IF(AND(MONTH(S45)=9,YEAR(S45)=2026),"◀","─")),"") | I45: =IF(AND(R45<=DATE(2026,10,1),S45>=DATE(2026,10,1)),IF(AND(MONTH(R45)=10,YEAR(R45)=2026),IF(AND(MONTH(S45)=10,YEAR(S45)=2026),"●","▶"),IF(AND(MONTH(S45)=10,YEAR(S45)=2026),"◀","─")),"") | J45: =IF(AND(R45<=DATE(2026,11,1),S45>=DATE(2026,11,1)),IF(AND(MONTH(R45)=11,YEAR(R45)=2026),IF(AND(MONTH(S45)=11,YEAR(S45)=2026),"●","▶"),IF(AND(MONTH(S45)=11,YEAR(S45)=2026),"◀","─")),"") | K45: =IF(AND(R45<=DATE(2026,12,1),S45>=DATE(2026,12,1)),IF(AND(MONTH(R45)=12,YEAR(R45)=2026),IF(AND(MONTH(S45)=12,YEAR(S45)=2026),"●","▶"),IF(AND(MONTH(S45)=12,YEAR(S45)=2026),"◀","─")),"") | L45: =IF(AND(R45<=DATE(2027,1,1),S45>=DATE(2027,1,1)),IF(AND(MONTH(R45)=1,YEAR(R45)=2027),IF(AND(MONTH(S45)=1,YEAR(S45)=2027),"●","▶"),IF(AND(MONTH(S45)=1,YEAR(S45)=2027),"◀","─")),"") | M45: =IF(AND(R45<=DATE(2027,2,1),S45>=DATE(2027,2,1)),IF(AND(MONTH(R45)=2,YEAR(R45)=2027),IF(AND(MONTH(S45)=2,YEAR(S45)=2027),"●","▶"),IF(AND(MONTH(S45)=2,YEAR(S45)=2027),"◀","─")),"") | N45: =IF(AND(R45<=DATE(2027,3,1),S45>=DATE(2027,3,1)),IF(AND(MONTH(R45)=3,YEAR(R45)=2027),IF(AND(MONTH(S45)=3,YEAR(S45)=2027),"●","▶"),IF(AND(MONTH(S45)=3,YEAR(S45)=2027),"◀","─")),"") | O45: =IF(AND(R45<=DATE(2027,4,1),S45>=DATE(2027,4,1)),IF(AND(MONTH(R45)=4,YEAR(R45)=2027),IF(AND(MONTH(S45)=4,YEAR(S45)=2027),"●","▶"),IF(AND(MONTH(S45)=4,YEAR(S45)=2027),"◀","─")),"") | P45: =IF(AND(R45<=DATE(2027,5,1),S45>=DATE(2027,5,1)),IF(AND(MONTH(R45)=5,YEAR(R45)=2027),IF(AND(MONTH(S45)=5,YEAR(S45)=2027),"●","▶"),IF(AND(MONTH(S45)=5,YEAR(S45)=2027),"◀","─")),"") | Q45: =IF(AND(R45<=DATE(2027,6,1),S45>=DATE(2027,6,1)),IF(AND(MONTH(R45)=6,YEAR(R45)=2027),IF(AND(MONTH(S45)=6,YEAR(S45)=2027),"●","▶"),IF(AND(MONTH(S45)=6,YEAR(S45)=2027),"◀","─")),"") -> ◀ | R45: =EDATE($C$2,1) -> 46524 | S45: =EDATE($C$2,2) -> 46555 | T45: 2
B46: 寄送感謝卡 | C46: 雙 | D46: =IF(AND(R46<=DATE(2026,5,1),S46>=DATE(2026,5,1)),IF(AND(MONTH(R46)=5,YEAR(R46)=2026),IF(AND(MONTH(S46)=5,YEAR(S46)=2026),"●","▶"),IF(AND(MONTH(S46)=5,YEAR(S46)=2026),"◀","─")),"") | E46: =IF(AND(R46<=DATE(2026,6,1),S46>=DATE(2026,6,1)),IF(AND(MONTH(R46)=6,YEAR(R46)=2026),IF(AND(MONTH(S46)=6,YEAR(S46)=2026),"●","▶"),IF(AND(MONTH(S46)=6,YEAR(S46)=2026),"◀","─")),"") | F46: =IF(AND(R46<=DATE(2026,7,1),S46>=DATE(2026,7,1)),IF(AND(MONTH(R46)=7,YEAR(R46)=2026),IF(AND(MONTH(S46)=7,YEAR(S46)=2026),"●","▶"),IF(AND(MONTH(S46)=7,YEAR(S46)=2026),"◀","─")),"") | G46: =IF(AND(R46<=DATE(2026,8,1),S46>=DATE(2026,8,1)),IF(AND(MONTH(R46)=8,YEAR(R46)=2026),IF(AND(MONTH(S46)=8,YEAR(S46)=2026),"●","▶"),IF(AND(MONTH(S46)=8,YEAR(S46)=2026),"◀","─")),"") | H46: =IF(AND(R46<=DATE(2026,9,1),S46>=DATE(2026,9,1)),IF(AND(MONTH(R46)=9,YEAR(R46)=2026),IF(AND(MONTH(S46)=9,YEAR(S46)=2026),"●","▶"),IF(AND(MONTH(S46)=9,YEAR(S46)=2026),"◀","─")),"") | I46: =IF(AND(R46<=DATE(2026,10,1),S46>=DATE(2026,10,1)),IF(AND(MONTH(R46)=10,YEAR(R46)=2026),IF(AND(MONTH(S46)=10,YEAR(S46)=2026),"●","▶"),IF(AND(MONTH(S46)=10,YEAR(S46)=2026),"◀","─")),"") | J46: =IF(AND(R46<=DATE(2026,11,1),S46>=DATE(2026,11,1)),IF(AND(MONTH(R46)=11,YEAR(R46)=2026),IF(AND(MONTH(S46)=11,YEAR(S46)=2026),"●","▶"),IF(AND(MONTH(S46)=11,YEAR(S46)=2026),"◀","─")),"") | K46: =IF(AND(R46<=DATE(2026,12,1),S46>=DATE(2026,12,1)),IF(AND(MONTH(R46)=12,YEAR(R46)=2026),IF(AND(MONTH(S46)=12,YEAR(S46)=2026),"●","▶"),IF(AND(MONTH(S46)=12,YEAR(S46)=2026),"◀","─")),"") | L46: =IF(AND(R46<=DATE(2027,1,1),S46>=DATE(2027,1,1)),IF(AND(MONTH(R46)=1,YEAR(R46)=2027),IF(AND(MONTH(S46)=1,YEAR(S46)=2027),"●","▶"),IF(AND(MONTH(S46)=1,YEAR(S46)=2027),"◀","─")),"") | M46: =IF(AND(R46<=DATE(2027,2,1),S46>=DATE(2027,2,1)),IF(AND(MONTH(R46)=2,YEAR(R46)=2027),IF(AND(MONTH(S46)=2,YEAR(S46)=2027),"●","▶"),IF(AND(MONTH(S46)=2,YEAR(S46)=2027),"◀","─")),"") | N46: =IF(AND(R46<=DATE(2027,3,1),S46>=DATE(2027,3,1)),IF(AND(MONTH(R46)=3,YEAR(R46)=2027),IF(AND(MONTH(S46)=3,YEAR(S46)=2027),"●","▶"),IF(AND(MONTH(S46)=3,YEAR(S46)=2027),"◀","─")),"") | O46: =IF(AND(R46<=DATE(2027,4,1),S46>=DATE(2027,4,1)),IF(AND(MONTH(R46)=4,YEAR(R46)=2027),IF(AND(MONTH(S46)=4,YEAR(S46)=2027),"●","▶"),IF(AND(MONTH(S46)=4,YEAR(S46)=2027),"◀","─")),"") | P46: =IF(AND(R46<=DATE(2027,5,1),S46>=DATE(2027,5,1)),IF(AND(MONTH(R46)=5,YEAR(R46)=2027),IF(AND(MONTH(S46)=5,YEAR(S46)=2027),"●","▶"),IF(AND(MONTH(S46)=5,YEAR(S46)=2027),"◀","─")),"") | Q46: =IF(AND(R46<=DATE(2027,6,1),S46>=DATE(2027,6,1)),IF(AND(MONTH(R46)=6,YEAR(R46)=2027),IF(AND(MONTH(S46)=6,YEAR(S46)=2027),"●","▶"),IF(AND(MONTH(S46)=6,YEAR(S46)=2027),"◀","─")),"") -> ◀ | R46: =EDATE($C$2,1) -> 46524 | S46: =EDATE($C$2,2) -> 46555 | T46: 3
B47: 洗印婚禮照片 | C47: 雙 | D47: =IF(AND(R47<=DATE(2026,5,1),S47>=DATE(2026,5,1)),IF(AND(MONTH(R47)=5,YEAR(R47)=2026),IF(AND(MONTH(S47)=5,YEAR(S47)=2026),"●","▶"),IF(AND(MONTH(S47)=5,YEAR(S47)=2026),"◀","─")),"") | E47: =IF(AND(R47<=DATE(2026,6,1),S47>=DATE(2026,6,1)),IF(AND(MONTH(R47)=6,YEAR(R47)=2026),IF(AND(MONTH(S47)=6,YEAR(S47)=2026),"●","▶"),IF(AND(MONTH(S47)=6,YEAR(S47)=2026),"◀","─")),"") | F47: =IF(AND(R47<=DATE(2026,7,1),S47>=DATE(2026,7,1)),IF(AND(MONTH(R47)=7,YEAR(R47)=2026),IF(AND(MONTH(S47)=7,YEAR(S47)=2026),"●","▶"),IF(AND(MONTH(S47)=7,YEAR(S47)=2026),"◀","─")),"") | G47: =IF(AND(R47<=DATE(2026,8,1),S47>=DATE(2026,8,1)),IF(AND(MONTH(R47)=8,YEAR(R47)=2026),IF(AND(MONTH(S47)=8,YEAR(S47)=2026),"●","▶"),IF(AND(MONTH(S47)=8,YEAR(S47)=2026),"◀","─")),"") | H47: =IF(AND(R47<=DATE(2026,9,1),S47>=DATE(2026,9,1)),IF(AND(MONTH(R47)=9,YEAR(R47)=2026),IF(AND(MONTH(S47)=9,YEAR(S47)=2026),"●","▶"),IF(AND(MONTH(S47)=9,YEAR(S47)=2026),"◀","─")),"") | I47: =IF(AND(R47<=DATE(2026,10,1),S47>=DATE(2026,10,1)),IF(AND(MONTH(R47)=10,YEAR(R47)=2026),IF(AND(MONTH(S47)=10,YEAR(S47)=2026),"●","▶"),IF(AND(MONTH(S47)=10,YEAR(S47)=2026),"◀","─")),"") | J47: =IF(AND(R47<=DATE(2026,11,1),S47>=DATE(2026,11,1)),IF(AND(MONTH(R47)=11,YEAR(R47)=2026),IF(AND(MONTH(S47)=11,YEAR(S47)=2026),"●","▶"),IF(AND(MONTH(S47)=11,YEAR(S47)=2026),"◀","─")),"") | K47: =IF(AND(R47<=DATE(2026,12,1),S47>=DATE(2026,12,1)),IF(AND(MONTH(R47)=12,YEAR(R47)=2026),IF(AND(MONTH(S47)=12,YEAR(S47)=2026),"●","▶"),IF(AND(MONTH(S47)=12,YEAR(S47)=2026),"◀","─")),"") | L47: =IF(AND(R47<=DATE(2027,1,1),S47>=DATE(2027,1,1)),IF(AND(MONTH(R47)=1,YEAR(R47)=2027),IF(AND(MONTH(S47)=1,YEAR(S47)=2027),"●","▶"),IF(AND(MONTH(S47)=1,YEAR(S47)=2027),"◀","─")),"") | M47: =IF(AND(R47<=DATE(2027,2,1),S47>=DATE(2027,2,1)),IF(AND(MONTH(R47)=2,YEAR(R47)=2027),IF(AND(MONTH(S47)=2,YEAR(S47)=2027),"●","▶"),IF(AND(MONTH(S47)=2,YEAR(S47)=2027),"◀","─")),"") | N47: =IF(AND(R47<=DATE(2027,3,1),S47>=DATE(2027,3,1)),IF(AND(MONTH(R47)=3,YEAR(R47)=2027),IF(AND(MONTH(S47)=3,YEAR(S47)=2027),"●","▶"),IF(AND(MONTH(S47)=3,YEAR(S47)=2027),"◀","─")),"") | O47: =IF(AND(R47<=DATE(2027,4,1),S47>=DATE(2027,4,1)),IF(AND(MONTH(R47)=4,YEAR(R47)=2027),IF(AND(MONTH(S47)=4,YEAR(S47)=2027),"●","▶"),IF(AND(MONTH(S47)=4,YEAR(S47)=2027),"◀","─")),"") | P47: =IF(AND(R47<=DATE(2027,5,1),S47>=DATE(2027,5,1)),IF(AND(MONTH(R47)=5,YEAR(R47)=2027),IF(AND(MONTH(S47)=5,YEAR(S47)=2027),"●","▶"),IF(AND(MONTH(S47)=5,YEAR(S47)=2027),"◀","─")),"") | Q47: =IF(AND(R47<=DATE(2027,6,1),S47>=DATE(2027,6,1)),IF(AND(MONTH(R47)=6,YEAR(R47)=2027),IF(AND(MONTH(S47)=6,YEAR(S47)=2027),"●","▶"),IF(AND(MONTH(S47)=6,YEAR(S47)=2027),"◀","─")),"") -> ─ | R47: =EDATE($C$2,1) -> 46524 | S47: =EDATE($C$2,3) -> 46585 | T47: 3

Sheet 完整 Checklist
A1: 廖千儀 ♥ 陳郁諠 結婚籌備完整 Checklist
A2: 婚禮日期（請在甘特圖分頁的 C2 格修改）→ 本頁「到期日」欄位將自動更新
A3: 🔴 逾期（到期日 < 今天） 🟡 即將到期（≤30天） 🟢 正常
A4: 完成 | B4: 類別 | C4: 項目說明 | D4: 負責方 | E4: 說明Deadline | F4: 到期日 | G4: 狀態 | H4: 備註/台灣習俗說明 | I4: 預算參考
A5: ☑ | B5: 確認規劃 | C5: 求婚完成 (04/17 已完成) | D5: 雙方 | E5: 2026/04/17 | F5: 46129 | G5: =IF(F5="","",IF(F5<TODAY(),"🔴 逾期",IF(F5-TODAY()<=30,"🟡 即將","🟢 正常"))) -> 🔴 逾期 | H5: 廖千儀已完成求婚！
A6: ☐ | C6: 雙方家長見面面談 | D6: 雙方 | E6: 2026/05/30 | F6: 46172 | G6: =IF(F6="","",IF(F6<TODAY(),"🔴 逾期",IF(F6-TODAY()<=30,"🟡 即將","🟢 正常"))) -> 🟡 即將 | H6: 確認雙方對婚禮的期望與形式
A7: ☐ | C7: 確定婚禮日期（查農民曆/擇日師） | D7: 雙方 | E7: 2026/06/30 | F7: 46203 | G7: =IF(F7="","",IF(F7<TODAY(),"🔴 逾期",IF(F7-TODAY()<=30,"🟡 即將","🟢 正常"))) -> 🟢 正常 | H7: 台灣重視吉日，可請擇日師選擇良辰吉日 | I7: 擇日師約NT$2,000-5,000
A8: ☐ | C8: 確認婚禮總預算與分攤方式 | D8: 雙方 | E8: 2026/06/30 | F8: 46203 | G8: =IF(F8="","",IF(F8<TODAY(),"🔴 逾期",IF(F8-TODAY()<=30,"🟡 即將","🟢 正常"))) -> 🟢 正常 | H8: 台灣傳統男方負擔婚宴較多，現代多依雙方協議分攤
A9: ☐ | C9: 確認賓客名單初稿 | D9: 各自 | E9: 2026/06/30 | F9: 46203 | G9: =IF(F9="","",IF(F9<TODAY(),"🔴 逾期",IF(F9-TODAY()<=30,"🟡 即將","🟢 正常"))) -> 🟢 正常 | H9: 依場地容量決定桌數，台灣喜宴通常10人/桌
A10: ☐ | C10: 確定婚宴形式（飯店/餐廳/流水席） | D10: 雙方 | E10: 2026/06/30 | F10: 46203 | G10: =IF(F10="","",IF(F10<TODAY(),"🔴 逾期",IF(F10-TODAY()<=30,"🟡 即將","🟢 正常"))) -> 🟢 正常 | H10: 飯店較正式，餐廳較輕鬆，流水席適合鄉村大家族
A11: ☐ | B11: 預訂服務 | C11: 預訂婚宴場地 ⚡ | D11: 雙方 | E11: 2026/07/31 | F11: 46234 | G11: =IF(F11="","",IF(F11<TODAY(),"🔴 逾期",IF(F11-TODAY()<=30,"🟡 即將","🟢 正常"))) -> 🟢 正常 | H11: 熱門場地需提前6-12個月預訂，選完日期後立即預訂！ | I11: 約NT$1,000-3,000/桌
A12: ☐ | C12: 預訂婚紗工作室（含拍婚紗照） | D12: 雙方 | E12: 2026/07/31 | F12: 46234 | G12: =IF(F12="","",IF(F12<TODAY(),"🔴 逾期",IF(F12-TODAY()<=30,"🟡 即將","🟢 正常"))) -> 🟢 正常 | H12: 建議比較3-5家婚紗工作室 | I12: 套裝約NT$30,000-100,000+
A13: ☐ | C13: 預訂婚禮攝影師 | D13: 雙方 | E13: 2026/08/31 | F13: 46265 | G13: =IF(F13="","",IF(F13<TODAY(),"🔴 逾期",IF(F13-TODAY()<=30,"🟡 即將","🟢 正常"))) -> 🟢 正常 | H13: 熱門攝影師需提前半年以上預訂 | I13: 約NT$25,000-80,000
A14: ☐ | C14: 預訂婚禮錄影（選配） | D14: 雙方 | E14: 2026/08/31 | F14: 46265 | G14: =IF(F14="","",IF(F14<TODAY(),"🔴 逾期",IF(F14-TODAY()<=30,"🟡 即將","🟢 正常"))) -> 🟢 正常 | H14: 可錄製完整婚禮或只拍精華影片 | I14: 約NT$15,000-50,000
A15: ☐ | C15: 預訂新娘秘書（新秘）⚡ | D15: 女方 | E15: 2026/08/31 | F15: 46265 | G15: =IF(F15="","",IF(F15<TODAY(),"🔴 逾期",IF(F15-TODAY()<=30,"🟡 即將","🟢 正常"))) -> 🟢 正常 | H15: 好的新秘非常搶手，務必提早預訂！ | I15: 約NT$10,000-25,000
A16: ☐ | C16: 確定婚禮主持人 | D16: 雙方 | E16: 2026/08/31 | F16: 46265 | G16: =IF(F16="","",IF(F16<TODAY(),"🔴 逾期",IF(F16-TODAY()<=30,"🟡 即將","🟢 正常"))) -> 🟢 正常 | H16: 可請熟識友人或聘請專業婚禮主持人 | I16: 專業主持約NT$8,000-20,000
A17: ☐ | C17: 規劃蜜月行程 | D17: 雙方 | E17: 2026/09/30 | F17: 46295 | G17: =IF(F17="","",IF(F17<TODAY(),"🔴 逾期",IF(F17-TODAY()<=30,"🟡 即將","🟢 正常"))) -> 🟢 正常 | H17: 早鳥訂票，機票住宿越早越便宜 | I17: 依目的地
A18: ☐ | B18: 法律文件 | C18: 準備結婚登記所需文件 | D18: 雙方 | E18: 婚禮前1個月 | F18: =甘特圖!$C$2+(-30) -> 46464 | G18: =IF(F18="","",IF(F18<TODAY(),"🔴 逾期",IF(F18-TODAY()<=30,"🟡 即將","🟢 正常"))) -> 🟢 正常 | H18: 需準備：戶口名簿正本、身分證、印章、2位證人 | I18: 免費
A19: ☐ | C19: 辦理結婚登記（戶政事務所） | D19: 雙方 | E19: 婚禮當天 | F19: =甘特圖!$C$2+(0) -> 46494 | G19: =IF(F19="","",IF(F19<TODAY(),"🔴 逾期",IF(F19-TODAY()<=30,"🟡 即將","🟢 正常"))) -> 🟢 正常 | H19: 台灣結婚登記為重要法律程序，勿遺忘！ | I19: 免費
A20: ☐ | B20: 男方準備 | C20: 確認聘金金額（與雙方家長商議） | D20: 男方 | E20: 2026/07/31 | F20: 46234 | G20: =IF(F20="","",IF(F20<TODAY(),"🔴 逾期",IF(F20-TODAY()<=30,"🟡 即將","🟢 正常"))) -> 🟢 正常 | H20: 台灣傳統習俗，男方給女方大聘，金額依雙方協議 | I20: 通常NT$60,000-200,000+
A21: ☐ | C21: 準備聘禮（禮餅、糖果、罐頭等六禮） | D21: 男方 | E21: 婚禮前2個月 | F21: =甘特圖!$C$2+(-60) -> 46434 | G21: =IF(F21="","",IF(F21<TODAY(),"🔴 逾期",IF(F21-TODAY()<=30,"🟡 即將","🟢 正常"))) -> 🟢 正常 | H21: 台灣傳統六禮，禮餅用於女方分送親友告知喜訊 | I21: NT$10,000-30,000
A22: ☐ | C22: 購買結婚對戒 | D22: 男方 | E22: 2026/09/30 | F22: 46295 | G22: =IF(F22="","",IF(F22<TODAY(),"🔴 逾期",IF(F22-TODAY()<=30,"🟡 即將","🟢 正常"))) -> 🟢 正常 | H22: 男方準備結婚對戒，依女方喜好選款，需提前訂製 | I22: NT$20,000-100,000+
A23: ☐ | C23: 準備/租借西裝或禮服（建議兩套） | D23: 男方 | E23: 2026/10/31 | F23: 46326 | G23: =IF(F23="","",IF(F23<TODAY(),"🔴 逾期",IF(F23-TODAY()<=30,"🟡 即將","🟢 正常"))) -> 🟢 正常 | H23: 建議至少備兩套：迎娶西裝＋婚宴晚宴服 | I23: 租借NT$3,000-8,000
A24: ☐ | C24: 規劃及布置婚房 | D24: 男方 | E24: 2026/10/31 | F24: 46326 | G24: =IF(F24="","",IF(F24<TODAY(),"🔴 逾期",IF(F24-TODAY()<=30,"🟡 即將","🟢 正常"))) -> 🟢 正常 | H24: 台灣傳統男方備婚房，喜被由女方嫁妝帶入 | I24: 依房況
A25: ☐ | C25: 安排迎娶車隊 | D25: 男方 | E25: 婚禮前1個月 | F25: =甘特圖!$C$2+(-30) -> 46464 | G25: =IF(F25="","",IF(F25<TODAY(),"🔴 逾期",IF(F25-TODAY()<=30,"🟡 即將","🟢 正常"))) -> 🟢 正常 | H25: 需準備新娘車＋隨行車隊，車頭綁紅緞帶 | I25: 主車NT$5,000-15,000/輛
A26: ☐ | C26: 準備新娘捧花 | D26: 男方 | E26: 婚禮前1週 | F26: =甘特圖!$C$2+(-7) -> 46487 | G26: =IF(F26="","",IF(F26<TODAY(),"🔴 逾期",IF(F26-TODAY()<=30,"🟡 即將","🟢 正常"))) -> 🟢 正常 | H26: 由男方準備新娘手捧花（玫瑰或牡丹） | I26: NT$2,000-5,000
A27: ☐ | C27: 準備迎娶紅包（開門紅包/壓桌錢） | D27: 男方 | E27: 婚禮前1週 | F27: =甘特圖!$C$2+(-7) -> 46487 | G27: =IF(F27="","",IF(F27<TODAY(),"🔴 逾期",IF(F27-TODAY()<=30,"🟡 即將","🟢 正常"))) -> 🟢 正常 | H27: 開門紅包給女方弟妹，壓桌錢給女方家長 | I27: NT$3,000-10,000
A28: ☐ | C28: 準備迎娶祭祖供品 | D28: 男方 | E28: 婚禮前3天 | F28: =甘特圖!$C$2+(-3) -> 46491 | G28: =IF(F28="","",IF(F28<TODAY(),"🔴 逾期",IF(F28-TODAY()<=30,"🟡 即將","🟢 正常"))) -> 🟢 正常 | H28: 出發迎娶前在男方家祭祖，準備三牲或簡單供品及香燭 | I28: NT$1,000-3,000
A29: ☐ | B29: 女方準備 | C29: 挑選婚紗（白紗/禮服）及試穿 | D29: 女方 | E29: 2026/08/31 | F29: 46265 | G29: =IF(F29="","",IF(F29<TODAY(),"🔴 逾期",IF(F29-TODAY()<=30,"🟡 即將","🟢 正常"))) -> 🟢 正常 | H29: 婚紗工作室提供多套禮服試穿，可選白紗＋晚宴服 | I29: 含婚紗套裝費用
A30: ☐ | C30: 新娘試妝（與新秘確認造型方向） | D30: 女方 | E30: 婚禮前1-2個月 | F30: =甘特圖!$C$2+(-45) -> 46449 | G30: =IF(F30="","",IF(F30<TODAY(),"🔴 逾期",IF(F30-TODAY()<=30,"🟡 即將","🟢 正常"))) -> 🟢 正常 | H30: 提前試妝確認妝容顏色、持久度，讓新秘了解喜好 | I30: 通常含在新秘費用中
A31: ☐ | C31: 準備嫁妝（棉被、臉盆、傳統物品） | D31: 女方 | E31: 婚禮前2個月 | F31: =甘特圖!$C$2+(-60) -> 46434 | G31: =IF(F31="","",IF(F31<TODAY(),"🔴 逾期",IF(F31-TODAY()<=30,"🟡 即將","🟢 正常"))) -> 🟢 正常 | H31: 台灣傳統嫁妝含新棉被、臉盆（內放四喜果）等 | I31: NT$10,000-50,000
A32: ☐ | C32: 準備子孫桶（台灣傳統嫁妝） | D32: 女方 | E32: 婚禮前2個月 | F32: =甘特圖!$C$2+(-60) -> 46434 | G32: =IF(F32="","",IF(F32<TODAY(),"🔴 逾期",IF(F32-TODAY()<=30,"🟡 即將","🟢 正常"))) -> 🟢 正常 | H32: 內放桂圓、花生、瓜子等，象徵多子多孫 | I32: NT$1,000-3,000
A33: ☐ | C33: 準備出嫁扇子（過門扇） | D33: 女方 | E33: 婚禮前1週 | F33: =甘特圖!$C$2+(-7) -> 46487 | G33: =IF(F33="","",IF(F33<TODAY(),"🔴 逾期",IF(F33-TODAY()<=30,"🟡 即將","🟢 正常"))) -> 🟢 正常 | H33: 出門上車前向後丟扇；車內需另備一把扇子 | I33: NT$200-500
A34: ☐ | C34: 規劃出嫁當天儀式流程 | D34: 女方 | E34: 婚禮前1個月 | F34: =甘特圖!$C$2+(-30) -> 46464 | G34: =IF(F34="","",IF(F34<TODAY(),"🔴 逾期",IF(F34-TODAY()<=30,"🟡 即將","🟢 正常"))) -> 🟢 正常 | H34: 梳妝→等待迎娶→開門→拜別父母（哭嫁）→丟扇→出發
A35: ☐ | B35: 拍攝製作 | C35: 拍攝婚紗照 | D35: 雙方 | E35: 2026/09/30 | F35: 46295 | G35: =IF(F35="","",IF(F35<TODAY(),"🔴 逾期",IF(F35-TODAY()<=30,"🟡 即將","🟢 正常"))) -> 🟢 正常 | H35: 建議婚禮半年前完成，以利製作婚禮投影等素材 | I35: 含婚紗套裝
A36: ☐ | C36: 設計婚禮喜帖 | D36: 雙方 | E36: 2026/10/15 | F36: 46310 | G36: =IF(F36="","",IF(F36<TODAY(),"🔴 逾期",IF(F36-TODAY()<=30,"🟡 即將","🟢 正常"))) -> 🟢 正常 | H36: 可客製化設計或選用婚紗工作室模板 | I36: NT$3,000-15,000
A37: ☐ | C37: 印製喜帖（多印10-20張備用） | D37: 雙方 | E37: 2026/10/31 | F37: 46326 | G37: =IF(F37="","",IF(F37<TODAY(),"🔴 逾期",IF(F37-TODAY()<=30,"🟡 即將","🟢 正常"))) -> 🟢 正常 | I37: NT$5-20/張
A38: ☐ | C38: 寄送喜帖（婚禮前6-8週） | D38: 雙方 | E38: 婚禮前6週 | F38: =甘特圖!$C$2+(-42) -> 46452 | G38: =IF(F38="","",IF(F38<TODAY(),"🔴 逾期",IF(F38-TODAY()<=30,"🟡 即將","🟢 正常"))) -> 🟢 正常 | H38: 台灣習慣親手遞送或郵寄，過早或過晚都不禮貌 | I38: 郵資費用
A39: ☐ | C39: 製作婚禮投影（照片MV） | D39: 雙方 | E39: 婚禮前1個月 | F39: =甘特圖!$C$2+(-30) -> 46464 | G39: =IF(F39="","",IF(F39<TODAY(),"🔴 逾期",IF(F39-TODAY()<=30,"🟡 即將","🟢 正常"))) -> 🟢 正常 | H39: 播放於婚宴進場時，呈現兩人戀愛故事 | I39: NT$3,000-8,000（外製）
A40: ☐ | B40: 婚禮用品 | C40: 確認婚宴菜單與桌數 | D40: 雙方 | E40: 婚禮前2個月 | F40: =甘特圖!$C$2+(-60) -> 46434 | G40: =IF(F40="","",IF(F40<TODAY(),"🔴 逾期",IF(F40-TODAY()<=30,"🟡 即將","🟢 正常"))) -> 🟢 正常 | H40: 與餐廳確認菜色、素食桌需求、酒水安排
A41: ☐ | C41: 準備喜糖/囍餅（婚禮回禮） | D41: 雙方 | E41: 婚禮前2週 | F41: =甘特圖!$C$2+(-14) -> 46480 | G41: =IF(F41="","",IF(F41<TODAY(),"🔴 逾期",IF(F41-TODAY()<=30,"🟡 即將","🟢 正常"))) -> 🟢 正常 | H41: 準備給未出席親友的喜糖，或席間回禮 | I41: NT$100-300/份
A42: ☐ | C42: 準備桌上禮/小物（選配） | D42: 雙方 | E42: 婚禮前2週 | F42: =甘特圖!$C$2+(-14) -> 46480 | G42: =IF(F42="","",IF(F42<TODAY(),"🔴 逾期",IF(F42-TODAY()<=30,"🟡 即將","🟢 正常"))) -> 🟢 正常 | H42: 為每桌準備小禮物，如香氛蠟燭、客製化小物 | I42: NT$100-500/桌
A43: ☐ | C43: 確認音響/燈光設備 | D43: 雙方 | E43: 婚禮前1個月 | F43: =甘特圖!$C$2+(-30) -> 46464 | G43: =IF(F43="","",IF(F43<TODAY(),"🔴 逾期",IF(F43-TODAY()<=30,"🟡 即將","🟢 正常"))) -> 🟢 正常 | H43: 確認場地是否含音響燈光，如需外租提前安排 | I43: NT$5,000-15,000
A44: ☐ | C44: 製作婚禮座位表與桌卡 | D44: 雙方 | E44: 婚禮前2週 | F44: =甘特圖!$C$2+(-14) -> 46480 | G44: =IF(F44="","",IF(F44<TODAY(),"🔴 逾期",IF(F44-TODAY()<=30,"🟡 即將","🟢 正常"))) -> 🟢 正常 | H44: 依賓客關係安排桌位，印製桌卡
A45: ☐ | B45: 最終確認 | C45: 確認場地最終細節與桌位安排 | D45: 雙方 | E45: 婚禮前1個月 | F45: =甘特圖!$C$2+(-30) -> 46464 | G45: =IF(F45="","",IF(F45<TODAY(),"🔴 逾期",IF(F45-TODAY()<=30,"🟡 即將","🟢 正常"))) -> 🟢 正常 | H45: 確認進場動線、佈置、花藝、投影設備等
A46: ☐ | C46: 製作婚禮當天完整行程表 | D46: 雙方 | E46: 婚禮前2週 | F46: =甘特圖!$C$2+(-14) -> 46480 | G46: =IF(F46="","",IF(F46<TODAY(),"🔴 逾期",IF(F46-TODAY()<=30,"🟡 即將","🟢 正常"))) -> 🟢 正常 | H46: 含迎娶時間、婚宴開始、各段流程時間點
A47: ☐ | C47: 婚宴彩排（與司儀、場地確認） | D47: 雙方 | E47: 婚禮前2週 | F47: =甘特圖!$C$2+(-14) -> 46480 | G47: =IF(F47="","",IF(F47<TODAY(),"🔴 逾期",IF(F47-TODAY()<=30,"🟡 即將","🟢 正常"))) -> 🟢 正常 | H47: 確認流程、測試投影音響
A48: ☐ | C48: 整理賓客最終名單並回報場地 | D48: 雙方 | E48: 婚禮前2週 | F48: =甘特圖!$C$2+(-14) -> 46480 | G48: =IF(F48="","",IF(F48<TODAY(),"🔴 逾期",IF(F48-TODAY()<=30,"🟡 即將","🟢 正常"))) -> 🟢 正常 | H48: 確認最終出席人數，通知場地備餐數量
A49: ☐ | C49: 分配婚禮當天工作給親友 | D49: 雙方 | E49: 婚禮前2週 | F49: =甘特圖!$C$2+(-14) -> 46480 | G49: =IF(F49="","",IF(F49<TODAY(),"🔴 逾期",IF(F49-TODAY()<=30,"🟡 即將","🟢 正常"))) -> 🟢 正常 | H49: 收禮金人員、帶位人員、婚禮道具管理等
A50: ☐ | B50: 🎊 婚禮 | C50: 結婚典禮 & 婚宴 | D50: 雙方 | E50: 婚禮當天 | F50: =甘特圖!$C$2+(0) -> 46494 | G50: =IF(F50="","",IF(F50<TODAY(),"🔴 逾期",IF(F50-TODAY()<=30,"🟡 即將","🟢 正常"))) -> 🟢 正常 | H50: 迎娶→法律登記→婚宴進場→謝親恩→送客
A51: ☐ | B51: 婚後事項 | C51: 蜜月旅行 | D51: 雙方 | E51: 婚後 | F51: =甘特圖!$C$2+(7) -> 46501 | G51: =IF(F51="","",IF(F51<TODAY(),"🔴 逾期",IF(F51-TODAY()<=30,"🟡 即將","🟢 正常"))) -> 🟢 正常 | H51: 提前訂好機票與住宿 | I51: 依目的地
A52: ☐ | C52: 歸寧（回娘家，帶雞腿） | D52: 雙方 | E52: 婚後3天內 | F52: =甘特圖!$C$2+(3) -> 46497 | G52: =IF(F52="","",IF(F52<TODAY(),"🔴 逾期",IF(F52-TODAY()<=30,"🟡 即將","🟢 正常"))) -> 🟢 正常 | H52: 台灣習俗：婚後第3天夫妻一同回娘家，帶雞腿，不可在娘家過夜
A53: ☐ | C53: 更新身分證（如女方改姓） | D53: 女方 | E53: 婚後1個月 | F53: =甘特圖!$C$2+(30) -> 46524 | G53: =IF(F53="","",IF(F53<TODAY(),"🔴 逾期",IF(F53-TODAY()<=30,"🟡 即將","🟢 正常"))) -> 🟢 正常 | H53: 到戶政事務所辦理，帶身分證、戶口名簿 | I53: 免費
A54: ☐ | C54: 更換護照（如有改姓） | D54: 女方 | E54: 婚後2個月 | F54: =甘特圖!$C$2+(60) -> 46554 | G54: =IF(F54="","",IF(F54<TODAY(),"🔴 逾期",IF(F54-TODAY()<=30,"🟡 即將","🟢 正常"))) -> 🟢 正常 | H54: 先完成身分證更名，再至外交部申請新護照 | I54: NT$900-1,300
A55: ☐ | C55: 寄送感謝卡給親友 | D55: 雙方 | E55: 婚後1個月 | F55: =甘特圖!$C$2+(30) -> 46524 | G55: =IF(F55="","",IF(F55<TODAY(),"🔴 逾期",IF(F55-TODAY()<=30,"🟡 即將","🟢 正常"))) -> 🟢 正常 | H55: 表達感謝，可附上婚禮照片 | I55: NT$20-50/張
A56: ☐ | C56: 洗印婚禮照片/製作紀念相本 | D56: 雙方 | E56: 婚後2-3個月 | F56: =甘特圖!$C$2+(75) -> 46569 | G56: =IF(F56="","",IF(F56<TODAY(),"🔴 逾期",IF(F56-TODAY()<=30,"🟡 即將","🟢 正常"))) -> 🟢 正常 | H56: 與攝影師確認交稿時間，製作紀念相本 | I56: NT$5,000-20,000

Sheet 男方（廖千儀）
A1: 💙 廖千儀（男方）專屬清單｜台灣婚禮習俗
A2: 到期日參照甘特圖 C2 婚禮日期自動計算｜請去甘特圖分頁修改婚禮日期
A3: 完成 | B3: 類別 | C3: 準備項目 | D3: 說明 / 台灣習俗 | E3: 時間要求 | F3: 到期日 | G3: 狀態 | H3: 預算參考
A4: ☐ | B4: 提親談婚 | C4: 主導家長面談（提親） | D4: 台灣傳統由男方主導，雙方家長一同見面商議婚事 | E4: 固定日期 | F4: 46172 | G4: =IF(F4="","",IF(F4<TODAY(),"🔴 逾期",IF(F4-TODAY()<=30,"🟡 即將","🟢 正常"))) -> 🟡 即將
A5: ☐ | C5: 確認婚期（與長輩商議吉日） | D5: 台灣重視農民曆吉日，婚期需雙方家長確認 | E5: 固定日期 | F5: 46203 | G5: =IF(F5="","",IF(F5<TODAY(),"🔴 逾期",IF(F5-TODAY()<=30,"🟡 即將","🟢 正常"))) -> 🟢 正常
A6: ☐ | B6: 聘禮準備 | C6: 確認聘金金額 | D6: 聘金（大聘）是台灣傳統，表達對女方家庭的尊重 | E6: 固定日期 | F6: 46234 | G6: =IF(F6="","",IF(F6<TODAY(),"🔴 逾期",IF(F6-TODAY()<=30,"🟡 即將","🟢 正常"))) -> 🟢 正常 | H6: 通常NT$60,000-200,000+
A7: ☐ | C7: 準備聘禮（六禮/十二禮） | D7: 基本聘禮：禮餅、糖果、罐頭、豬肉、酒等 | E7: 婚禮前2個月 | F7: =甘特圖!$C$2+(-60) -> 46434 | G7: =IF(F7="","",IF(F7<TODAY(),"🔴 逾期",IF(F7-TODAY()<=30,"🟡 即將","🟢 正常"))) -> 🟢 正常 | H7: NT$10,000-30,000
A8: ☐ | C8: 訂製禮餅（分送女方親友用） | D8: 女方收禮餅後分送親友告知喜訊 | E8: 婚禮前2個月 | F8: =甘特圖!$C$2+(-60) -> 46434 | G8: =IF(F8="","",IF(F8<TODAY(),"🔴 逾期",IF(F8-TODAY()<=30,"🟡 即將","🟢 正常"))) -> 🟢 正常 | H8: NT$5,000-20,000
A9: ☐ | B9: 婚戒準備 | C9: 購買結婚對戒 | D9: 男方準備結婚對戒，提前挑選，部分需4-8週製作 | E9: 固定日期 | F9: 46295 | G9: =IF(F9="","",IF(F9<TODAY(),"🔴 逾期",IF(F9-TODAY()<=30,"🟡 即將","🟢 正常"))) -> 🟢 正常 | H9: NT$20,000-100,000+
A10: ☐ | B10: 婚房準備 | C10: 確定婚後居住地點 | D10: 台灣傳統男方備婚房，現代多依兩人協議 | E10: 固定日期 | F10: 46265 | G10: =IF(F10="","",IF(F10<TODAY(),"🔴 逾期",IF(F10-TODAY()<=30,"🟡 即將","🟢 正常"))) -> 🟢 正常 | H10: 依房況
A11: ☐ | C11: 婚房布置（基本傢俱、臥室） | D11: 喜被由女方嫁妝帶入，男方需備床架、床墊等基本設施 | E11: 固定日期 | F11: 46326 | G11: =IF(F11="","",IF(F11<TODAY(),"🔴 逾期",IF(F11-TODAY()<=30,"🟡 即將","🟢 正常"))) -> 🟢 正常 | H11: 依房況
A12: ☐ | B12: 迎娶準備 | C12: 安排迎娶車隊 | D12: 需準備新娘車＋隨行車隊，車頭綁紅緞帶 | E12: 婚禮前1個月 | F12: =甘特圖!$C$2+(-30) -> 46464 | G12: =IF(F12="","",IF(F12<TODAY(),"🔴 逾期",IF(F12-TODAY()<=30,"🟡 即將","🟢 正常"))) -> 🟢 正常 | H12: 主車NT$5,000-15,000/輛
A13: ☐ | C13: 準備新娘捧花 | D13: 由男方準備新娘手捧花（玫瑰或牡丹） | E13: 婚禮前1週 | F13: =甘特圖!$C$2+(-7) -> 46487 | G13: =IF(F13="","",IF(F13<TODAY(),"🔴 逾期",IF(F13-TODAY()<=30,"🟡 即將","🟢 正常"))) -> 🟢 正常 | H13: NT$2,000-5,000
A14: ☐ | C14: 準備迎娶紅包（開門紅包/壓桌錢） | D14: 開門紅包給女方弟妹，壓桌錢給女方家長 | E14: 婚禮前1週 | F14: =甘特圖!$C$2+(-7) -> 46487 | G14: =IF(F14="","",IF(F14<TODAY(),"🔴 逾期",IF(F14-TODAY()<=30,"🟡 即將","🟢 正常"))) -> 🟢 正常 | H14: NT$3,000-10,000
A15: ☐ | C15: 準備鞭炮（依地區習俗） | D15: 部分縣市有燃放限制，請先確認當地規定 | E15: 婚禮前1週 | F15: =甘特圖!$C$2+(-7) -> 46487 | G15: =IF(F15="","",IF(F15<TODAY(),"🔴 逾期",IF(F15-TODAY()<=30,"🟡 即將","🟢 正常"))) -> 🟢 正常 | H15: NT$500-2,000
A16: ☐ | C16: 準備迎娶祭祖供品 | D16: 出發迎娶前在男方家祭祖，準備三牲或簡單供品及香燭 | E16: 婚禮前3天 | F16: =甘特圖!$C$2+(-3) -> 46491 | G16: =IF(F16="","",IF(F16<TODAY(),"🔴 逾期",IF(F16-TODAY()<=30,"🟡 即將","🟢 正常"))) -> 🟢 正常 | H16: NT$1,000-3,000
A17: ☐ | B17: 迎娶儀式 | C17: 熟記迎娶當天完整流程 | D17: ①男方祭祖→②車隊出發→③到女方家→④開門紅包→⑤接新娘→⑥拜別父母→⑦新娘丟扇→⑧返回 | E17: 婚禮前2週 | F17: =甘特圖!$C$2+(-14) -> 46480 | G17: =IF(F17="","",IF(F17<TODAY(),"🔴 逾期",IF(F17-TODAY()<=30,"🟡 即將","🟢 正常"))) -> 🟢 正常
A18: ☐ | B18: 服裝準備 | C18: 準備西裝/禮服（建議兩套） | D18: 迎娶西裝＋婚宴晚宴服，可購買或租借 | E18: 固定日期 | F18: 46326 | G18: =IF(F18="","",IF(F18<TODAY(),"🔴 逾期",IF(F18-TODAY()<=30,"🟡 即將","🟢 正常"))) -> 🟢 正常 | H18: 租借NT$3,000-8,000
A19: ☐ | B19: 婚宴籌備 | C19: 主導婚宴場地選定與預訂 | D19: 台灣傳統男方主辦婚宴 | E19: 固定日期 | F19: 46234 | G19: =IF(F19="","",IF(F19<TODAY(),"🔴 逾期",IF(F19-TODAY()<=30,"🟡 即將","🟢 正常"))) -> 🟢 正常
A20: ☐ | C20: 確認婚宴男方賓客名單 | D20: 列出男方親戚、同學、同事，確認參加意願 | E20: 固定日期 | F20: 46265 | G20: =IF(F20="","",IF(F20<TODAY(),"🔴 逾期",IF(F20-TODAY()<=30,"🟡 即將","🟢 正常"))) -> 🟢 正常
A21: ☐ | C21: 確認婚宴流程與主持人 | D21: 與主持人確認進場方式、換裝時間、謝親恩等環節 | E21: 固定日期 | F21: 46326 | G21: =IF(F21="","",IF(F21<TODAY(),"🔴 逾期",IF(F21-TODAY()<=30,"🟡 即將","🟢 正常"))) -> 🟢 正常

Sheet 女方（陳郁諠）
A1: 🌸 陳郁諠（女方）專屬清單｜台灣婚禮習俗
A2: 到期日參照甘特圖 C2 婚禮日期自動計算｜請去甘特圖分頁修改婚禮日期
A3: 完成 | B3: 類別 | C3: 準備項目 | D3: 說明 / 台灣習俗 | E3: 時間要求 | F3: 到期日 | G3: 狀態 | H3: 預算參考
A4: ☐ | B4: 婚紗造型 | C4: 挑選婚紗（白紗/禮服）及試穿 | D4: 婚紗工作室提供多套禮服試穿，可選白紗＋晚宴服 | E4: 固定日期 | F4: 46265 | G4: =IF(F4="","",IF(F4<TODAY(),"🔴 逾期",IF(F4-TODAY()<=30,"🟡 即將","🟢 正常"))) -> 🟢 正常 | H4: 含婚紗套裝費用
A5: ☐ | C5: 預約新娘秘書（新秘）⚡ | D5: 新秘負責婚禮當天髮妝，好的新秘非常搶手，務必提早！ | E5: 固定日期 | F5: 46265 | G5: =IF(F5="","",IF(F5<TODAY(),"🔴 逾期",IF(F5-TODAY()<=30,"🟡 即將","🟢 正常"))) -> 🟢 正常 | H5: NT$10,000-25,000
A6: ☐ | C6: 新娘試妝（與新秘確認造型方向） | D6: 提前試妝確認妝容顏色、持久度，讓新秘了解喜好 | E6: 婚禮前1-2個月 | F6: =甘特圖!$C$2+(-45) -> 46449 | G6: =IF(F6="","",IF(F6<TODAY(),"🔴 逾期",IF(F6-TODAY()<=30,"🟡 即將","🟢 正常"))) -> 🟢 正常 | H6: 通常含在新秘費用中
A7: ☐ | C7: 準備婚禮當天配件（耳環、項鍊等） | D7: 可搭配婚紗工作室飾品或自行準備 | E7: 婚禮前1個月 | F7: =甘特圖!$C$2+(-30) -> 46464 | G7: =IF(F7="","",IF(F7<TODAY(),"🔴 逾期",IF(F7-TODAY()<=30,"🟡 即將","🟢 正常"))) -> 🟢 正常
A8: ☐ | B8: 嫁妝準備 | C8: 確認嫁妝清單（與家長商議） | D8: 台灣傳統嫁妝象徵娘家祝福，現代多象徵性準備 | E8: 固定日期 | F8: 46265 | G8: =IF(F8="","",IF(F8<TODAY(),"🔴 逾期",IF(F8-TODAY()<=30,"🟡 即將","🟢 正常"))) -> 🟢 正常
A9: ☐ | C9: 準備新棉被（喜被） | D9: 台灣習俗新娘帶新被褥入婚房，現代多準備2-4套 | E9: 婚禮前2個月 | F9: =甘特圖!$C$2+(-60) -> 46434 | G9: =IF(F9="","",IF(F9<TODAY(),"🔴 逾期",IF(F9-TODAY()<=30,"🟡 即將","🟢 正常"))) -> 🟢 正常 | H9: NT$5,000-20,000
A10: ☐ | C10: 準備傳統嫁妝物品（臉盆組等） | D10: 臉盆內放桂圓、紅棗、花生、瓜子（四喜）＋剪刀、尺、梳子 | E10: 婚禮前2個月 | F10: =甘特圖!$C$2+(-60) -> 46434 | G10: =IF(F10="","",IF(F10<TODAY(),"🔴 逾期",IF(F10-TODAY()<=30,"🟡 即將","🟢 正常"))) -> 🟢 正常 | H10: NT$3,000-10,000
A11: ☐ | C11: 準備子孫桶（傳統嫁妝之一） | D11: 內放桂圓、花生、瓜子等，象徵多子多孫 | E11: 婚禮前2個月 | F11: =甘特圖!$C$2+(-60) -> 46434 | G11: =IF(F11="","",IF(F11<TODAY(),"🔴 逾期",IF(F11-TODAY()<=30,"🟡 即將","🟢 正常"))) -> 🟢 正常 | H11: NT$1,000-3,000
A12: ☐ | B12: 出嫁儀式 | C12: 了解出嫁當天完整流程 | D12: 梳妝→等待迎娶→開門→拜別父母（哭嫁）→丟扇→出發 | E12: 婚禮前1個月 | F12: =甘特圖!$C$2+(-30) -> 46464 | G12: =IF(F12="","",IF(F12<TODAY(),"🔴 逾期",IF(F12-TODAY()<=30,"🟡 即將","🟢 正常"))) -> 🟢 正常
A13: ☐ | C13: 準備出嫁扇子（過門扇） | D13: 出門上車前向後丟扇；車內需另備一把扇子 | E13: 婚禮前1週 | F13: =甘特圖!$C$2+(-7) -> 46487 | G13: =IF(F13="","",IF(F13<TODAY(),"🔴 逾期",IF(F13-TODAY()<=30,"🟡 即將","🟢 正常"))) -> 🟢 正常 | H13: NT$200-500
A14: ☐ | C14: 拜別父母儀式（哭嫁）準備 | D14: 向父母行禮拜謝，此時落淚為佳 | E14: 婚禮當天 | F14: =甘特圖!$C$2+(0) -> 46494 | G14: =IF(F14="","",IF(F14<TODAY(),"🔴 逾期",IF(F14-TODAY()<=30,"🟡 即將","🟢 正常"))) -> 🟢 正常
A15: ☐ | C15: 記住：出嫁後不可回頭張望 | D15: 台灣習俗，象徵對婚後生活一心一意 | E15: 婚禮當天 | F15: =甘特圖!$C$2+(0) -> 46494 | G15: =IF(F15="","",IF(F15<TODAY(),"🔴 逾期",IF(F15-TODAY()<=30,"🟡 即將","🟢 正常"))) -> 🟢 正常
A16: ☐ | B16: 婚後回門 | C16: 歸寧準備（婚後3天回娘家） | D16: 台灣習俗婚後第3天夫妻一同回娘家「歸寧」 | E16: 婚後3天 | F16: =甘特圖!$C$2+(3) -> 46497 | G16: =IF(F16="","",IF(F16<TODAY(),"🔴 逾期",IF(F16-TODAY()<=30,"🟡 即將","🟢 正常"))) -> 🟢 正常
A17: ☐ | C17: 準備雞腿帶回娘家 | D17: 台灣習俗歸寧要帶雞腿，且不可在娘家過夜 | E17: 婚後3天 | F17: =甘特圖!$C$2+(3) -> 46497 | G17: =IF(F17="","",IF(F17<TODAY(),"🔴 逾期",IF(F17-TODAY()<=30,"🟡 即將","🟢 正常"))) -> 🟢 正常 | H17: NT$200-500
A18: ☐ | B18: 婚後手續 | C18: 辦理姓氏更改（如決定改姓） | D18: 到戶政事務所辦理，帶身分證、戶口名簿 | E18: 婚後1個月 | F18: =甘特圖!$C$2+(30) -> 46524 | G18: =IF(F18="","",IF(F18<TODAY(),"🔴 逾期",IF(F18-TODAY()<=30,"🟡 即將","🟢 正常"))) -> 🟢 正常 | H18: 免費
A19: ☐ | C19: 更換護照（如有改姓） | D19: 先完成身分證更名，再至外交部申請新護照 | E19: 婚後2個月 | F19: =甘特圖!$C$2+(60) -> 46554 | G19: =IF(F19="","",IF(F19<TODAY(),"🔴 逾期",IF(F19-TODAY()<=30,"🟡 即將","🟢 正常"))) -> 🟢 正常 | H19: NT$900-1,300
A20: ☐ | C20: 通知銀行/保險等機構更名 | D20: 銀行帳戶、保險契約、信用卡等（如改姓） | E20: 婚後3個月 | F20: =甘特圖!$C$2+(90) -> 46584 | G20: =IF(F20="","",IF(F20<TODAY(),"🔴 逾期",IF(F20-TODAY()<=30,"🟡 即將","🟢 正常"))) -> 🟢 正常

Sheet 使用說明
A1: 📖 廖千儀 ♥ 陳郁諠 婚禮規劃工具 使用說明
A2: 本說明書隨每次更新同步修訂 ── 2026年版（台灣習俗）
A3: 【一】Excel 基本操作說明
A4: 修改婚期 | B4: → 到「甘特圖」工作表，點選 C2 格，輸入婚禮日期（格式：YYYY/MM/DD）
A5: 連動效果 | B5: → 修改 C2 後，「完整 Checklist」及男女方分頁的「到期日」欄自動重算；甘特圖列顏色亦自動移動
A6: 打勾完成 | B6: → 在各 Checklist 分頁的「完成」欄，將 ☐ 改為 ☑ 即可記錄完成（可用尋找取代批量更新）
A7: 逾期警示 | B7: → 紅色背景 = 🔴 逾期；黃色背景 = 🟡 即將到期（≤30天）；正常為原色
A8: 甘特圖說明 | B8: → 黃色欄 = 今日；粉紅欄 = 婚禮月；圖列顏色：藍=男方、粉=女方、紫=雙方、綠=已完成、紅=婚禮當天
A9: 隱藏欄位 | B9: → 甘特圖工作表的右側有隱藏輔助欄（起始日/結束日/類型），為公式參照用，請勿刪除
A10: 新增項目 | B10: → 在對應分頁插入新列，並參照現有公式格式填入「到期日」欄（=甘特圖!$C$2+天數）
A12: 【二】台灣婚禮習俗補充說明
A13: 聘金（大聘） | B13: 男方給女方家長的聘金，台灣傳統為表示誠意與尊重。金額由雙方家長商議，無硬性規定。
A14: 六禮/十二禮 | B14: 傳統聘禮：禮餅（囍餅）、糖果、罐頭、豬肉（或羊肉）、米酒、香菸（現代可調整）
A15: 禮餅（囍餅） | B15: 由男方贈送，女方拿到後分送親友，意思是告知「我要結婚了！」，為台灣重要習俗
A16: 嫁妝 | B16: 女方娘家為女兒準備的嫁妝，象徵娘家祝福與財力。現代多象徵性準備新棉被、臉盆組等
A17: 臉盆四喜 | B17: 臉盆內放桂圓、紅棗、花生、瓜子，分別象徵「早生貴子」（桂早花生）
A18: 子孫桶 | B18: 傳統嫁妝木桶，內放龍眼（桂圓）、花生、瓜子等，象徵多子多孫，現代可保留或省略
A19: 迎娶流程 | B19: 男方祭祖出發→到女方家→遊戲開門→接新娘→拜別父母→新娘丟扇（不帶走壞運）→返回男方家
A20: 過門扇 | B20: 新娘上車前向後丟扇（台語：扇=散，丟掉壞事），車內再備一把扇（新生活的善）
A21: 哭嫁 | B21: 新娘拜別父母時落淚，象徵感恩與不捨，為台灣傳統美好習俗，為新娘祝福
A22: 歸寧（回門） | B22: 婚後第3天，新郎新娘一同回娘家，帶雞腿（台語：雞腿=吉利），當天必須返回不可過夜
A23: 農民曆吉日 | B23: 台灣婚禮習慣選擇農民曆宜嫁娶之日，可請擇日師協助選定，通常雙方家長需一同確認
A24: 不適用中國習俗 | B24: ⚠️ 本規劃表僅參考台灣本土習俗，不採用中國大陸習俗（如拜天地、鬧洞房等不同做法）
A26: 【三】注意事項與常見問題
A27: Q: 婚期如何選？ | B27: 建議先查農民曆確認宜嫁娶之日，再詢問雙方長輩意見。婚宴場地熱門日期需提早預訂。
A28: Q: 何時預訂場地？ | B28: 越早越好！台灣熱門婚宴場地（尤其飯店）需提前6-12個月預訂，確定日期後立即聯絡。
A29: Q: 新秘要多早訂？ | B29: 新秘（新娘秘書）同樣搶手，建議確定婚期後立即預訂，至少提前半年以上。
A30: Q: 聘禮要怎麼準備？ | B30: 可向女方家長確認偏好，傳統六禮可依現代方式調整，禮餅份數建議多準備10-20份備用。
A31: Q: 結婚登記時間？ | B31: 台灣結婚登記可於婚禮當天或婚前辦理，需本人及2位成年證人一同前往戶政事務所。
A32: Q: 甘特圖不顯示？ | B32: 若修改婚期後圖列未更新，請按 F9 重新計算。確認 C2 格儲存的是日期格式而非文字。
A33: Q: 到期日顯示錯誤？ | B33: 請確認甘特圖 C2 儲存格格式為「日期」，若顯示數字請右鍵→設定儲存格格式→日期。
A34: Q: 如何新增 Checklist 項目？ | B34: 在對應分頁選擇要插入的位置→右鍵插入列→複製相鄰列的公式格式→修改內容。
A35: 版本紀錄 | B35: v1.0 2026/05：初始建立｜v2.0 2026/05：新增動態甘特圖（婚期連動）＋使用說明
